Afghanistan;Kabul
Afghanistan;Mazar-e-sharif
Aland Islands;Mariehamn
Albania;Durres
Albania;Elbasan
Albania;Fier
Albania;Korce
Albania;Sarande
Albania;Shkoder
Albania;Tirana
Albania;Vlore
Algeria;Algiers
Algeria;Annaba
Algeria;Batna
Algeria;Bejaia
Algeria;Blida
Algeria;Bouira
Algeria;Constantine
Algeria;Jijel
Algeria;Medea
Algeria;Oran
Algeria;Setif
Algeria;Tizi-ouzou
Andorra;Andorra La Vella
Angola;Luanda
Antigua And Barbuda;St. John's
Argentina;Buenos Aires
Argentina;Cordoba
Argentina;La Plata
Argentina;Mar Del Plata
Argentina;Mendoza
Argentina;Rosario
Argentina;Salta
Argentina;San Martin de Los Andes
Argentina;Tucuman
Armenia;Yerevan
Aruba;Aruba
Aruba;Noord
Aruba;Oranjestad
Australia;Adelaide
Australia;Albany
Australia;Albury
Australia;Alice Springs
Australia;Ballarat
Australia;Bega NSW
Australia;Bendigo
Australia;Blacktown
Australia;Bowral
Australia;Brisbane
Australia;Broome, WA
Australia;Buderim
Australia;Bunbury
Australia;Burnie
Australia;Cairns
Australia;Canberra
Australia;Casino, NSW
Australia;Coffs Harbour
Australia;Darwin
Australia;Devonport
Australia;Dubbo
Australia;Eden NSW
Australia;Frankston
Australia;Geelong
Australia;Geraldton
Australia;Gold Coast
Australia;Gosford
Australia;Hervey Bay
Australia;Hobart
Australia;Hoppers Crossing
Australia;Kalgoorlie
Australia;Karratha
Australia;Lake Macquarie
Australia;Launceston
Australia;Mackay
Australia;Mandurah
Australia;Melbourne
Australia;Mildura
Australia;Newcastle
Australia;Nowra NSW
Australia;Orange, NSW
Australia;Parramatta
Australia;Perth
Australia;Port Macquarie
Australia;Rockhampton
Australia;Sunshine Coast
Australia;Sydney
Australia;Tasmania
Australia;Toowoomba
Australia;Townsville
Australia;Wangaratta
Australia;Wodonga
Australia;Wollongong
Austria;Bregenz
Austria;Dornbirn
Austria;Feldkirch
Austria;Graz
Austria;Innsbruck
Austria;Klagenfurt
Austria;Linz
Austria;Salzburg
Austria;Vienna
Austria;Villach
Azerbaijan;Baku
Azerbaijan;Sumgayit
Bahamas;Freeport
Bahamas;Nassau
Bahrain;Al Muharraq
Bahrain;Juffair
Bahrain;Manama
Bahrain;Riffa
Bahrain;Saar
Bangladesh;Chittagong
Bangladesh;Dhaka
Bangladesh;Khulna
Bangladesh;Rajshahi
Bangladesh;Sylhet
Barbados;Barbados
Barbados;Bridgetown
Barbados;Christchurch
Belarus;Brest
Belarus;Gomel
Belarus;Hrodna
Belarus;Minsk
Belgium;Aalst
Belgium;Antwerp
Belgium;Brugge
Belgium;Brussels
Belgium;Charleroi
Belgium;Genk
Belgium;Gent
Belgium;Hamont-Achel
Belgium;Hasselt
Belgium;Kortrijk
Belgium;Leuven
Belgium;Liege
Belgium;Mechelen
Belgium;Mons
Belgium;Namur
Belgium;Vilvoorde
Belgium;Waregem
Belize;Belize City
Belize;Belmopan
Belize;Corozal
Belize;Orange Walk
Belize;Punta Gorda
Belize;San Ignacio
Bermuda;Hamilton
Bermuda;Southampton
Bhutan;Thimphu
Bolivia;Cochabamba
Bolivia;La Paz
Bolivia;Santa Cruz
Bolivia;Sucre
Bosnia And Herzegovina;Banja Luka
Bosnia And Herzegovina;Bihac
Bosnia And Herzegovina;Bijeljina
Bosnia And Herzegovina;Doboj
Bosnia And Herzegovina;Mostar
Bosnia And Herzegovina;Pale
Bosnia And Herzegovina;Sarajevo
Bosnia And Herzegovina;Trebinje
Bosnia And Herzegovina;Tuzla
Bosnia And Herzegovina;Zenica
Botswana;Gaborone
Brazil;Aracaju
Brazil;Balneario Camboriu
Brazil;Barueri
Brazil;Bauru
Brazil;Belem
Brazil;Belo Horizonte
Brazil;Blumenau - Santa Catarina
Brazil;Brasilia
Brazil;Campinas
Brazil;Campo Grande
Brazil;Caxias Do Sul
Brazil;Contagem
Brazil;Cuiaba
Brazil;Curitiba
Brazil;Florianopolis
Brazil;Fortaleza
Brazil;Goiania
Brazil;Guarulhos
Brazil;Indaiatuba
Brazil;Jaragua do Sul
Brazil;Joao Pessoa
Brazil;Joinville
Brazil;Juiz De Fora
Brazil;Jundiai
Brazil;Londrina
Brazil;Maceio - Alagoas
Brazil;Manaus
Brazil;Maringa
Brazil;Natal
Brazil;Niteroi
Brazil;Pelotas
Brazil;Petropolis
Brazil;Porto Alegre
Brazil;Recife
Brazil;Ribeirao Preto
Brazil;Rio De Janeiro
Brazil;Salvador
Brazil;Santa Maria
Brazil;Santo Andre
Brazil;Santos
Brazil;Sao Bernardo do Campo
Brazil;Sao Carlos
Brazil;Sao Jose do Rio Preto SP
Brazil;Sao Jose dos Campos
Brazil;Sao Luis
Brazil;Sao Paulo
Brazil;Sorocaba
Brazil;Teresina
Brazil;Uberlandia
Brazil;Vila Velha
Brazil;Vitoria
British Virgin Islands;Road Town
Brunei;Bandar Seri Begawan
Brunei;Kuala Belait
Bulgaria;Bansko
Bulgaria;Blagoevgrad
Bulgaria;Burgas
Bulgaria;Dobrich
Bulgaria;Gabrovo
Bulgaria;Haskovo
Bulgaria;Kardzhali
Bulgaria;Pernik
Bulgaria;Pleven
Bulgaria;Plovdiv
Bulgaria;Ruse
Bulgaria;Shumen
Bulgaria;Sliven
Bulgaria;Sofia
Bulgaria;Stara Zagora
Bulgaria;Varna
Bulgaria;Veliko Tarnovo
Bulgaria;Vidin
Bulgaria;Vraca
Bulgaria;Yambol
Burkina Faso;Ouagadougou
Burundi;Bujumbura
Cambodia;Battambang
Cambodia;Kampot
Cambodia;Phnom Penh
Cambodia;Siem Reap
Cambodia;Sihanoukville
Cameroon;Bamenda
Cameroon;Douala
Cameroon;Yaounde
Canada;St. John's
Cape Verde;Mindelo
Cape Verde;Praia
Cayman Islands;George Town
Cayman Islands;Georgetown
Chad;N'djamena
Chile;Antofagasta
Chile;Arica
Chile;Concepcion
Chile;Iquique
Chile;La Serena
Chile;Osorno
Chile;Puerto Montt
Chile;Punta Arenas
Chile;Santiago
Chile;Temuco
Chile;Valdivia
Chile;Valparaiso
Chile;Vina Del Mar
China;Beijing
China;Changchun
China;Changsha
China;Chengdu
China;Chongqing
China;Dalian
China;Dongguan
China;Foshan
China;Fuzhou
China;Guangzhou
China;Haikou
China;Hangzhou
China;Harbin
China;Jiaxing
China;Jinan
China;Kunming, Yunnan
China;Mianyang, Sichuan
China;Nanchang
China;Nanjing
China;Nanning
China;Nantong
China;Ningbo
China;Qingdao, Shandong
China;Shanghai
China;Shenyang
China;Shenzhen
China;Suzhou
China;Taiyuan
China;Tianjin
China;Urumqi
China;Wenzhou
China;Wuhan
China;Wuxi
China;Xi'an
China;Xiamen
China;Yantai
China;Zhengzhou
China;Zhongshan
China;Zhuhai
Colombia;Armenia
Colombia;Barranquilla
Colombia;Bogota
Colombia;Bucaramanga
Colombia;Cali
Colombia;Cartagena
Colombia;Cucuta
Colombia;Ibague
Colombia;Manizales
Colombia;Medellin
Colombia;Neiva
Colombia;Pereira
Colombia;Popayan
Colombia;Santa Marta
Colombia;Villavicencio
Congo;Brazzaville
Congo;Kinshasa
Cook Islands;Avarua
Costa Rica;Alajuela
Costa Rica;Cartago
Costa Rica;Curridabat
Costa Rica;Escazu
Costa Rica;Heredia
Costa Rica;Jaco Beach
Costa Rica;Perez Zeledon
Costa Rica;Puerto Viejo - de Talamanca, Limon
Costa Rica;Puntarenas
Costa Rica;San Isidro
Costa Rica;San Jose
Costa Rica;San Ramon
Costa Rica;Santa Ana
Costa Rica;Tamarindo
Croatia;Bjelovar
Croatia;Cakovec
Croatia;Dubrovnik
Croatia;Karlovac
Croatia;Koprivnica
Croatia;Kutina
Croatia;Metkovic
Croatia;Osijek
Croatia;Porec
Croatia;Pula
Croatia;Rijeka
Croatia;Sesvete
Croatia;Sibenik
Croatia;Sisak
Croatia;Slavonski Brod
Croatia;Solin
Croatia;Split
Croatia;Varazdin
Croatia;Velika Gorica
Croatia;Vinkovci
Croatia;Vukovar
Croatia;Zadar
Croatia;Zagreb
Croatia;Zapresic
Croatia;Zupanja
Croatia;Đakovo
Cuba;Havana
Cuba;Santiago De Cuba
Curacao;Willemstad
Cyprus;Ayia Napa
Cyprus;Famagusta
Cyprus;Kyrenia (Girne)
Cyprus;Larnaca
Cyprus;Limassol
Cyprus;Nicosia
Cyprus;Paphos
Cyprus;Protaras
Czech Republic;Brno
Czech Republic;Ceske Budejovice
Czech Republic;Havirov
Czech Republic;Hradec Kralove
Czech Republic;Jablonec Nad Nisou
Czech Republic;Jihlava
Czech Republic;Karlovy Vary
Czech Republic;Kladno
Czech Republic;Lanskroun
Czech Republic;Liberec
Czech Republic;Most
Czech Republic;Novy Jicin
Czech Republic;Nymburk
Czech Republic;Olomouc
Czech Republic;Opava
Czech Republic;Ostrava
Czech Republic;Otrokovice
Czech Republic;Pardubice
Czech Republic;Plzen
Czech Republic;Prague
Czech Republic;Prerov
Czech Republic;Roznov pod Radhostem
Czech Republic;Uherske Hradiste
Czech Republic;Usti nad Labem
Czech Republic;Zlin
Denmark;Aalborg
Denmark;Arhus
Denmark;Birkerød
Denmark;Copenhagen
Denmark;Esbjerg
Denmark;Fredericia
Denmark;Frederiksberg
Denmark;Frederikshavn
Denmark;Helsingor
Denmark;Herning
Denmark;Hillerod
Denmark;Horsens
Denmark;Kolding
Denmark;Lolland
Denmark;Odense
Denmark;Randers
Denmark;Ringsted
Denmark;Roskilde
Denmark;Silkeborg
Denmark;Slangerup
Denmark;Sonderberg
Denmark;Svendborg
Denmark;Vejle
Denmark;Viborg
Djibouti;Djibouti
Dominica;Roseau
Dominican Republic;Boca Chica
Dominican Republic;Cabarete
Dominican Republic;La Vega
Dominican Republic;Puerto Plata
Dominican Republic;Punta Cana
Dominican Republic;Santiago
Dominican Republic;Santo Domingo
Dominican Republic;Sosua
Ecuador;Ambato
Ecuador;Bahia de Caraquez
Ecuador;Cotacachi
Ecuador;Cuenca
Ecuador;Guayaquil
Ecuador;Ibarra
Ecuador;Loja
Ecuador;Machala
Ecuador;Manta
Ecuador;Quito
Ecuador;Riobamba
Ecuador;Salinas
Egypt;Alexandria
Egypt;Cairo
Egypt;El Mansura
Egypt;Giza
El Salvador;San Salvador
Estonia;Haapsalu
Estonia;Keila
Estonia;Parnu
Estonia;Rakvere
Estonia;Tallinn
Estonia;Tartu
Estonia;Viljandi
Estonia;Voru
Ethiopia;Addis Ababa
Faroe Islands;Torshavn
Fiji;Fiji
Fiji;Lautoka
Fiji;Nadi
Fiji;Suva
Finland;Espoo
Finland;Hameenlinna
Finland;Helsinki
Finland;Joensuu
Finland;Jyvaskyla
Finland;Kuopio
Finland;Lahti
Finland;Lappeenranta
Finland;Oulu
Finland;Pori
Finland;Porvoo
Finland;Rovaniemi
Finland;Seinajoki
Finland;Tampere
Finland;Turku
Finland;Vaasa
Finland;Vantaa
France;Acheres
France;Aix-en-provence
France;Ajaccio
France;Amiens
France;Angers
France;Annecy
France;Antibes
France;Avignon
France;Besancon
France;Bordeaux
France;Boulogne-billancourt
France;Brest
France;Caen
France;Cherbourg
France;Clermont-Ferrand
France;Dijon
France;Grenoble
France;Guyancourt
France;La Rochelle
France;Le Havre
France;Le Mans
France;Lille
France;Limoges
France;Lorient
France;Lyon
France;Marseille
France;Metz
France;Montpellier
France;Mulhouse
France;Nancy
France;Nantes
France;Nice
France;Nimes
France;Paris
France;Pau
France;Poitiers
France;Rennes
France;Rouen
France;Saint-Etienne
France;Strasbourg
France;Toulon
France;Toulouse
France;Tours
France;Troyes
France;Valence
French Polynesia;Papeete
Gabon;Libreville
Gambia;Banjul
Georgia;Batumi, Ajara
Georgia;Rustavi
Georgia;Tamarisi
Georgia;Tbilisi
Germany;Aachen
Germany;Aschaffenburg
Germany;Augsburg
Germany;Baden Wurttemburg
Germany;Bamberg
Germany;Bayreuth
Germany;Berlin
Germany;Bielefeld
Germany;Bochum
Germany;Bonn
Germany;Braunschweig
Germany;Bremen
Germany;Chemnitz
Germany;Coburg
Germany;Cologne
Germany;Darmstadt
Germany;Dortmund
Germany;Dresden
Germany;Duisburg
Germany;Dusseldorf
Germany;Erfurt
Germany;Erlangen
Germany;Essen
Germany;Frankfurt
Germany;Frankfurt (Oder)
Germany;Freiburg
Germany;Freiburg Im Breisgau
Germany;Fulda
Germany;Giessen
Germany;Gottingen
Germany;Halle
Germany;Hamburg
Germany;Hanover
Germany;Heidelberg
Germany;Heilbronn
Germany;Ingolstadt
Germany;Kaiserslautern
Germany;Karlsruhe
Germany;Kassel
Germany;Kiel
Germany;Koblenz
Germany;Konstanz
Germany;Krefeld
Germany;Leipzig
Germany;Lübeck
Germany;Magdeburg
Germany;Mainz
Germany;Mannheim
Germany;Marburg
Germany;Moenchengladbach
Germany;Munich
Germany;Munster
Germany;Nuremberg
Germany;Offenbach Am Main
Germany;Oldenburg
Germany;Osnabruck
Germany;Paderborn
Germany;Pforzheim
Germany;Potsdam
Germany;Regensburg
Germany;Rostock
Germany;Saarbrucken
Germany;Siegen
Germany;Stuttgart
Germany;Trier
Germany;Tubingen
Germany;Ulm
Germany;Wiesbaden
Germany;Wolfsburg
Germany;Wuerzburg
Germany;Wuppertal
Ghana;Accra
Ghana;Cape Coast
Ghana;Kumasi
Ghana;Takoradi
Gibraltar;Gibraltar
Greece;Agrinio
Greece;Alexandroupolis
Greece;Argyroupoli
Greece;Athens
Greece;Ayia Paraskevi
Greece;Chalandri (Halandri)
Greece;Chania
Greece;Corfu
Greece;Crete
Greece;Drama
Greece;Florina
Greece;Heraklion
Greece;Ioannina
Greece;Kalamata
Greece;Katerini
Greece;Kavala
Greece;Kefalonia
Greece;Komotini
Greece;Kos
Greece;Kozani
Greece;Larissa
Greece;Mykonos (Mikonos)
Greece;Mytilene
Greece;Nafplion
Greece;Naxos
Greece;Palaio Faliro, Athens
Greece;Patras
Greece;Peristeri
Greece;Piraeus (Pireas)
Greece;Pyrgos
Greece;Rethymno
Greece;Rhodes
Greece;Santorini
Greece;Serrai
Greece;Sparta
Greece;Thessaloniki
Greece;Trikala
Greece;Veria
Greece;Volos
Greece;Xanthi
Greece;Zakynthos
Greenland;Nuuk
Grenada;Saint George's
Guam;Agana
Guam;Dededo
Guam;Tamuning
Guam;Tumon
Guam;Yigo
Guatemala;Antigua Guatemala
Guatemala;Guatemala City
Guatemala;Quetzaltenango
Guernsey;Saint Peter Port
Guernsey;St Peter Port
Guyana;Georgetown
Haiti;Port Au Prince
Honduras;La Ceiba
Honduras;Roatan
Honduras;San Pedro Sula
Honduras;Tegucigalpa
Hong Kong;Hong Kong
Hungary;Budapest
Hungary;Debrecen
Hungary;Dunaföldvár
Hungary;Eger
Hungary;Esztergom
Hungary;Gyor
Hungary;Hodmezovasarhely (Hódmezővásárhely)
Hungary;Kaposvár
Hungary;Kecskemet
Hungary;Miskolc
Hungary;Nyiregyhaza
Hungary;Pecs
Hungary;Sopron
Hungary;Szeged
Hungary;Szekesfehervar
Hungary;Szolnok
Hungary;Szombathely
Hungary;Tatabanya
Hungary;Veszprem
Iceland;Akureyri
Iceland;Hafnarfjorour
Iceland;Keflavik
Iceland;Reykjavik
India;Agartala
India;Agra
India;Ahmedabad
India;Ajmer
India;Allahabad
India;Amravati
India;Amritsar
India;Anand
India;Anantapur
India;Asansol
India;Aurangabad
India;Balasore
India;Banga
India;Bangalore
India;Bathinda
India;Begusarai
India;Belgaum
India;Berhampur
India;Bhagalpur
India;Bharuch, Gujarat
India;Bhavnagar
India;Bhilai
India;Bhiwadi
India;Bhopal
India;Bhubaneswar
India;Bikaner
India;Bilaspur
India;Bokaro
India;Chandigarh
India;Chennai
India;Cherthala
India;Chittoor
India;Coimbatore
India;Dehradun
India;Delhi
India;Dibrugarh
India;Eluru
India;Ernakulam
India;Erode
India;Faridabad
India;Gandhinagar
India;Ghaziabad
India;Goa
India;Gorakhpur
India;Gujarat
India;Gulbarga
India;Guntur
India;Gurgaon
India;Guwahati
India;Gwalior
India;Hisar
India;Hosur
India;Hubli
India;Hyderabad
India;Imphal
India;Indore
India;Jabalpur
India;Jaipur
India;Jalandhar
India;Jalgaon
India;Jammu
India;Jamnagar
India;Jamshedpur
India;Jhansi
India;Jodhpur
India;Kalyan
India;Kannur
India;Kanpur
India;Kharagpur
India;Kochi
India;Kolhapur
India;Kolkata
India;Kollam
India;Kota
India;Kottayam
India;Kozhikode (Calicut)
India;Latur
India;Lucknow (Lakhnau)
India;Ludhiana
India;Madras
India;Madurai
India;Mangalore
India;Meerut
India;Mumbai
India;Muzaffarpur
India;Mysore
India;Nagercoil, Tamil Nadu
India;Nagpur
India;Nanded
India;Nasik
India;Navi Mumbai
India;Nellore
India;Nizamabad (Bodhan)
India;Noida
India;Palakkad
India;Panaji
India;Panipat
India;Panvel
India;Patiala
India;Patna
India;Pondicherry
India;Pune
India;Raipur
India;Rajkot
India;Ranchi
India;Rayagada
India;Salem
India;Sambalpur
India;Sangli
India;Satara
India;Shimla
India;Siliguri
India;Solapur
India;Srinagar
India;Surat
India;Tenali
India;Thane
India;Thiruvananthapuram
India;Thrissur
India;Tiruchirapalli (Trichy)
India;Tirunelveli, Tamil Nadu
India;Tirupati
India;Tirupur
India;Tiruvannamalai
India;Tumkur
India;Udaipur
India;Ujjain
India;Ulhasnagar
India;Vadodara
India;Vapi
India;Varanasi
India;Vellore
India;Vijayawada
India;Visakhapatnam
India;Warangal
India;Yamuna Nagar
Indonesia;Bali
Indonesia;Balikpapan
Indonesia;Bandung
Indonesia;Banjarmasin
Indonesia;Batam
Indonesia;Bekasi
Indonesia;Bogor
Indonesia;Denpasar
Indonesia;Depok
Indonesia;Indonesia
Indonesia;Jakarta
Indonesia;Makassar
Indonesia;Malang
Indonesia;Manado
Indonesia;Mataram
Indonesia;Medan
Indonesia;Palembang
Indonesia;Pekanbaru
Indonesia;Pontianak
Indonesia;Semarang
Indonesia;Surabaya
Indonesia;Surakarta
Indonesia;Tangerang
Indonesia;Yogyakarta
Iran;Ahwaz
Iran;Esfahan
Iran;Hamadan
Iran;Karaj
Iran;Kerman
Iran;Kish
Iran;Mashhad
Iran;Qazvin
Iran;Qom
Iran;Rasht
Iran;Sari
Iran;Shiraz
Iran;Tabriz
Iran;Tehran
Iraq;As Sulaymaniyah
Iraq;Baghdad
Iraq;Basra
Iraq;Duhok
Iraq;Irbil
Iraq;Kirkuk
Ireland;Athlone
Ireland;Carlow
Ireland;Claremorris
Ireland;Cork
Ireland;Derry
Ireland;Donegal
Ireland;Drogheda
Ireland;Dublin
Ireland;Dundalk
Ireland;Ennis
Ireland;Galway
Ireland;Kilkenny
Ireland;Killarney
Ireland;Letterkenny
Ireland;Limerick
Ireland;Maynooth
Ireland;Mullingar
Ireland;Navan
Ireland;Sligo
Ireland;Tralee
Ireland;Waterford
Ireland;Westport
Ireland;Wexford
Isle Of Man;Douglas
Isle Of Man;Onchan
Israel;Afula
Israel;Arad
Israel;Ariel
Israel;Ashdod
Israel;Ashqelon
Israel;Bat Yam
Israel;Beersheba
Israel;Bet Shemesh
Israel;Bethlehem
Israel;Giv'atayim
Israel;Hadera
Israel;Haifa
Israel;Herzliya
Israel;Hod Hasharon
Israel;Holon
Israel;Jerusalem
Israel;Karmiel
Israel;Kefar Sava
Israel;Kiryat Bialik
Israel;Kiryat Motzkin
Israel;Modiin
Israel;Nahariyya
Israel;Nazareth
Israel;Netanya
Israel;Petah Tikva
Israel;Raanana
Israel;Ramat Gan
Israel;Ramat Hasharon
Israel;Ramla
Israel;Rehovot
Israel;Rishon Leziyyon
Israel;Tel Aviv-yafo
Israel;Yokneam Illit
Israel;Zikhron Ya'akov
Italy;Agrigento
Italy;Alessandria
Italy;Alghero
Italy;Ancona
Italy;Anzio (Rome)
Italy;Arezzo
Italy;Ascoli Piceno
Italy;Avellino
Italy;Aversa
Italy;Avezzano
Italy;Bari
Italy;Barletta
Italy;Belluno
Italy;Benevento
Italy;Bergamo
Italy;Biella
Italy;Bologna
Italy;Bolzano-Bozen
Italy;Brescia
Italy;Brindisi
Italy;Cagliari
Italy;Cantù
Italy;Caserta
Italy;Catania
Italy;Catanzaro
Italy;Cesena
Italy;Chieti
Italy;Como
Italy;Cosenza
Italy;Cuneo
Italy;Fano
Italy;Ferrara
Italy;Fidenza
Italy;Florence
Italy;Foggia
Italy;Forli'
Italy;Frascati
Italy;Frosinone
Italy;Gela
Italy;Genoa
Italy;Iglesias
Italy;L'Aquila
Italy;La Spezia
Italy;Latina
Italy;Lecce
Italy;Lecco
Italy;Livorno
Italy;Lodi
Italy;Lucca
Italy;Macerata
Italy;Mantova
Italy;Matera
Italy;Messina
Italy;Milan
Italy;Modena
Italy;Monza
Italy;Naples
Italy;Novara
Italy;Noventa di Piave
Italy;Olbia
Italy;Padova
Italy;Palermo
Italy;Parma
Italy;Pavia
Italy;Perugia
Italy;Pescara
Italy;Piacenza
Italy;Pisa
Italy;Pordenone
Italy;Ragusa
Italy;Ravenna
Italy;Reggio Di Calabria
Italy;Reggio Nell'emilia
Italy;Rieti
Italy;Rimini
Italy;Rome
Italy;Salerno
Italy;Sassari
Italy;Sassuolo
Italy;Savona
Italy;Siena
Italy;Siracusa
Italy;Taranto
Italy;Teramo
Italy;Terni
Italy;Trani
Italy;Trento
Italy;Treviso
Italy;Trieste
Italy;Turin
Italy;Udine
Italy;Varazze
Italy;Varese
Italy;Venice
Italy;Vercelli
Italy;Verona
Italy;Viareggio
Italy;Vicenza
Italy;Viterbo
Ivory Coast;Abidjan
Jamaica;Half Way Tree
Jamaica;Kingston
Jamaica;Mandeville
Jamaica;Montego Bay
Jamaica;Negril
Jamaica;Ocho Rios
Jamaica;Portmore
Japan;Chiba
Japan;Fukuoka
Japan;Gifu
Japan;Hiroshima
Japan;Kamakura
Japan;Kawasaki
Japan;Kobe
Japan;Kumamoto
Japan;Kyoto
Japan;Matsudo
Japan;Nagasaki
Japan;Nagoya
Japan;Nara
Japan;Niigata
Japan;Okinawa
Japan;Osaka
Japan;Saitama
Japan;Sapporo
Japan;Sendai
Japan;Shizuoka
Japan;Tokyo
Japan;Yokohama
Japan;Yokosuka
Jersey;Saint Helier
Jordan;Al Jubayhah
Jordan;Al Mafraq
Jordan;Amman
Jordan;Az-zarqa'
Jordan;Irbid
Jordan;Madaba
Kazakhstan;Aktau
Kazakhstan;Aktobe
Kazakhstan;Almaty
Kazakhstan;Astana
Kazakhstan;Atyrau
Kazakhstan;Jezkazgan (Zhezkazgan)
Kazakhstan;Karaganda (Qaraghandy)
Kazakhstan;Oskemen
Kazakhstan;Pavlodar
Kazakhstan;Petropavl
Kenya;Eldoret
Kenya;Kericho
Kenya;Kisumu
Kenya;Meru
Kenya;Mombasa
Kenya;Nairobi
Kenya;Nakuru
Kenya;Thika
Kosovo (Disputed Territory);Gnjilane
Kosovo (Disputed Territory);Pristina
Kosovo (Disputed Territory);Prizren
Kuwait;Abraq Khaitan
Kuwait;Abu Halifa
Kuwait;Ahmadi
Kuwait;Al-farwaniyah
Kuwait;As-salimiyah
Kuwait;Hawalli
Kuwait;Janub-as-surrah
Kuwait;Kuwait City
Kuwait;Mahboula
Kuwait;Mangaf
Kuwait;Mishref
Kuwait;Salmiya
Kyrgyzstan;Bishkek
Laos;Luang Prabang
Laos;Vientiane
Latvia;Daugavpils
Latvia;Jelgava
Latvia;Liepaja
Latvia;Riga
Lebanon;Bayrut
Lebanon;Beirut
Lebanon;Bourj Hammoud
Lebanon;Juniyah
Lebanon;Tripoli
Lesotho;Maseru
Liberia;Monrovia
Libya;Benghazi
Libya;Misratah
Libya;Tripoli
Lithuania;Alytus
Lithuania;Kaunas
Lithuania;Klaipeda
Lithuania;Panevezys
Lithuania;Siauliai
Lithuania;Vilnius
Luxembourg;Esch-sur-alzette
Luxembourg;Luxembourg
Luxembourg;Strassen
Macao;Macao
Macao;Taipa
Macedonia;Bitola
Macedonia;Gevgelija
Macedonia;Gostivar
Macedonia;Kicevo
Macedonia;Kumanovo
Macedonia;Ohrid
Macedonia;Prilep
Macedonia;Skopje
Macedonia;Stip
Macedonia;Struga
Macedonia;Strumica
Macedonia;Sveti Nikole
Macedonia;Tetovo
Macedonia;Veles
Madagascar;Antananarivo
Malawi;Blantyre
Malawi;Lilongwe
Malaysia;Alor Setar
Malaysia;Bangi
Malaysia;Bayan Lepas
Malaysia;Bintulu
Malaysia;Butterworth
Malaysia;Cyberjaya, Selangor
Malaysia;George Town
Malaysia;Ipoh
Malaysia;Johor Bahru
Malaysia;Kepong
Malaysia;Klang
Malaysia;Kota Damansara
Malaysia;Kota Kinabalu
Malaysia;Kuala Lumpur
Malaysia;Kuala Terengganu
Malaysia;Kuantan
Malaysia;Kuching
Malaysia;Labuan
Malaysia;Lumut, Perak
Malaysia;Malacca
Malaysia;Melaka
Malaysia;Miri
Malaysia;Muar
Malaysia;Penang
Malaysia;Petaling Jaya
Malaysia;Putrajaya
Malaysia;Sandakan, Sabah
Malaysia;Selangor
Malaysia;Serdang
Malaysia;Seremban
Malaysia;Shah Alam
Malaysia;Subang Jaya
Malaysia;Sungai Petani
Malaysia;Taiping
Malaysia;Tawau
Maldives;Male
Mali;Bamako
Malta;Birkirkara
Malta;Bugibba
Malta;Gzira
Malta;Hamrun
Malta;Malta
Malta;Marsascala
Malta;Mosta
Malta;Msida
Malta;San Giljan
Malta;San Gwann
Malta;San Pawl Il-bahar
Malta;Sliema
Malta;Valletta
Marshall Islands;Majuro
Mauritania;Nouakchott
Mauritius;Beau Bassin
Mauritius;Curepipe
Mauritius;Flic En Flac
Mauritius;Grand Bay
Mauritius;Port Louis
Mauritius;Quatre Bornes
Mauritius;Tamarin
Mauritius;Vacoas
Mexico;Acapulco
Mexico;Aguascalientes
Mexico;Ajijic
Mexico;Cabo San Lucas, Baja California Sur
Mexico;Cancun
Mexico;Celaya
Mexico;Chihuahua
Mexico;Ciudad Juarez
Mexico;Ciudad Victoria
Mexico;Ciudad del Carmen
Mexico;Colima
Mexico;Cozumel
Mexico;Cuernavaca
Mexico;Culiacan
Mexico;Durango
Mexico;Ecatepec
Mexico;Ensenada
Mexico;Guadalajara
Mexico;Guanajuato
Mexico;Hermosillo
Mexico;Irapuato
Mexico;La Paz
Mexico;Leon
Mexico;Mazatlan
Mexico;Merida
Mexico;Mexicali
Mexico;Mexico City
Mexico;Monterrey
Mexico;Morelia
Mexico;Nuevo Laredo
Mexico;Oaxaca De Juarez
Mexico;Pachuca
Mexico;Playa del Carmen
Mexico;Puebla
Mexico;Puerto Escondido
Mexico;Puerto Vallarta
Mexico;Queretaro
Mexico;Reynosa
Mexico;Saltillo
Mexico;San Cristobal de Las Casas
Mexico;San Luis Potosi
Mexico;San Luis Rio Colorado
Mexico;San Miguel de Allende
Mexico;San Pedro Garza Garcia
Mexico;Tampico
Mexico;Tepic
Mexico;Tijuana
Mexico;Toluca
Mexico;Torreon
Mexico;Tulum
Mexico;Tuxtla Gutierrez
Mexico;Veracruz
Mexico;Villahermosa
Mexico;Xalapa, Veracruz
Mexico;Zacatecas
Mexico;Zapopan
Moldova;Balti
Moldova;Chisinau
Moldova;Tiraspol
Monaco;Monaco
Monaco;Monte Carlo
Mongolia;Ulaanbaatar
Montenegro;Bar
Montenegro;Budva
Montenegro;Herceg Novi
Montenegro;Kotor
Montenegro;Niksic
Montenegro;Podgorica
Montenegro;Tivat
Morocco;Agadir
Morocco;Casablanca
Morocco;El Jadida
Morocco;Fez
Morocco;Kenitra
Morocco;Marrakech
Morocco;Rabat
Morocco;Settat
Morocco;Tangier
Morocco;Tetouan
Mozambique;Maputo
Myanmar;Mandalay
Myanmar;Rangoon
Myanmar;Yangon
Namibia;Tsumeb
Namibia;Walvis Bay
Namibia;Windhoek
Nepal;Banepa
Nepal;Biratnagar
Nepal;Butwal
Nepal;Dhangadhi
Nepal;Kathmandu
Nepal;Lalitpur
Nepal;Pokhara
Netherlands;'s-Hertogenbosch
Netherlands;Alkmaar
Netherlands;Almere
Netherlands;Amersfoort
Netherlands;Amstelveen
Netherlands;Amsterdam
Netherlands;Apeldoorn
Netherlands;Arnhem
Netherlands;Breda
Netherlands;Delft
Netherlands;Deventer
Netherlands;Dordrecht
Netherlands;Ede
Netherlands;Eindhoven
Netherlands;Enschede
Netherlands;Goes
Netherlands;Groningen
Netherlands;Haarlem
Netherlands;Hilversum
Netherlands;Leeuwarden
Netherlands;Leiden
Netherlands;Maastricht
Netherlands;Nijmegen
Netherlands;Roermond
Netherlands;Rotterdam
Netherlands;The Hague (Den Haag)
Netherlands;Tilburg
Netherlands;Utrecht
Netherlands;Veenendaal
Netherlands;Venlo
Netherlands;Zwolle
New Caledonia;Noumea
New Zealand;Auckland
New Zealand;Blenheim
New Zealand;Christchurch
New Zealand;Dunedin
New Zealand;Gisborne
New Zealand;Hamilton
New Zealand;Invercargill
New Zealand;Lower Hutt
New Zealand;Manukau
New Zealand;Napier
New Zealand;Nelson
New Zealand;New Plymouth
New Zealand;Palmerston North
New Zealand;Queenstown
New Zealand;Rotorua
New Zealand;Tauranga
New Zealand;Timaru
New Zealand;Upper Hutt
New Zealand;Wanganui
New Zealand;Wellington
New Zealand;Whakatane
New Zealand;Whangarei
Nicaragua;Jinotega
Nicaragua;Managua
Nicaragua;San Juan Del Sur
Nigeria;Abuja
Nigeria;Ibadan
Nigeria;Lagos
Northern Mariana Islands;Saipan
Norway;Alesund
Norway;Arendal
Norway;Baerum
Norway;Bergen
Norway;Bodo
Norway;Drammen
Norway;Egersund
Norway;Fredrikstad
Norway;Halden
Norway;Harstad
Norway;Haugesund
Norway;Kongsberg
Norway;Kristiansand
Norway;Lillehammer
Norway;Mo I Rana
Norway;Molde
Norway;Moss
Norway;Oslo
Norway;Sandefjord
Norway;Stavanger
Norway;Tonsberg
Norway;Tromso
Norway;Trondheim
Oman;Madinat As Sultan Qaboos
Oman;Muscat
Oman;Nizwa
Oman;Salalah
Oman;Sohar
Oman;Sur
Pakistan;Abbottabad
Pakistan;Attock
Pakistan;Bahawalpur
Pakistan;Faisalabad
Pakistan;Gujranwala
Pakistan;Gujrat
Pakistan;Haripur
Pakistan;Hyderabad
Pakistan;Islamabad
Pakistan;Jhelum
Pakistan;Karachi
Pakistan;Lahore
Pakistan;Layyah
Pakistan;Multan
Pakistan;Muzaffarabad
Pakistan;Peshawar
Pakistan;Quetta
Pakistan;Rahim Yar Khan
Pakistan;Rawalpindi
Pakistan;Sahiwal
Pakistan;Sargodha
Pakistan;Sheikhupura
Pakistan;Sialkot
Pakistan;Skardu
Pakistan;Wah
Palestinian Territory;Beit Lahm
Palestinian Territory;Gaza
Palestinian Territory;Nablus
Palestinian Territory;Ramallah
Panama;Bocastown, Isla Colon
Panama;Boquete
Panama;Coronado
Panama;David
Panama;Panama City
Papua New Guinea;Lae
Papua New Guinea;Port Moresby
Paraguay;Asuncion
Peru;Arequipa
Peru;Cusco
Peru;Lima
Peru;Tacna
Peru;Trujillo
Philippines;Alabang
Philippines;Angeles
Philippines;Antipolo
Philippines;Bacolod
Philippines;Baguio
Philippines;Batangas
Philippines;Bohol
Philippines;Butuan
Philippines;Cabanatuan
Philippines;Cagayan de Oro City
Philippines;Calamba
Philippines;Caloocan
Philippines;Cavite
Philippines;Cebu
Philippines;Davao
Philippines;Dumaguete
Philippines;General Santos
Philippines;Iloilo
Philippines;Las Pinas
Philippines;Lucena
Philippines;Makati
Philippines;Mandaluyong
Philippines;Mandaue
Philippines;Manila
Philippines;Marikina
Philippines;Muntinlupa
Philippines;Naga
Philippines;Olongapo
Philippines;Pampanga
Philippines;Paranaque City
Philippines;Pasay
Philippines;Pasig
Philippines;Puerto Galera
Philippines;Puerto Princesa
Philippines;Quezon City
Philippines;San Fernando, La Union
Philippines;Santa Rosa
Philippines;Subic Bay Freeport Zone
Philippines;Surigao
Philippines;Tacloban
Philippines;Taguig City
Philippines;Tarlac City
Philippines;Valenzuela
Philippines;Zamboanga
Poland;Augustow
Poland;Bialystok
Poland;Bielsko-biala
Poland;Boleslawiec
Poland;Bydgoszcz
Poland;Bytom
Poland;Chorzow
Poland;Chrzanow
Poland;Czestochowa
Poland;Dabrowa Gornicza
Poland;Gdansk
Poland;Gdynia
Poland;Gliwice
Poland;Kalisz
Poland;Katowice
Poland;Kielce
Poland;Koszalin
Poland;Krakow (Cracow)
Poland;Legnica
Poland;Lodz
Poland;Lomza
Poland;Lublin
Poland;Nowy Sacz
Poland;Olsztyn
Poland;Opole
Poland;Pila
Poland;Plock
Poland;Poznan
Poland;Radom
Poland;Rybnik
Poland;Rzeszow
Poland;Slupsk
Poland;Sopot
Poland;Sosnowiec
Poland;Szczecin
Poland;Torun
Poland;Tychy
Poland;Walbrzych
Poland;Warsaw
Poland;Wroclaw
Poland;Zielona Gora
Portugal;Albufeira
Portugal;Algarve
Portugal;Almada
Portugal;Amadora
Portugal;Aveiro
Portugal;Barcelos
Portugal;Barreiro
Portugal;Braga
Portugal;Braganca
Portugal;Cascais
Portugal;Chaves
Portugal;Coimbra
Portugal;Covilha
Portugal;Evora
Portugal;Faro
Portugal;Funchal
Portugal;Guimaraes
Portugal;Horta
Portugal;Lagos
Portugal;Leiria
Portugal;Lisbon
Portugal;Maia
Portugal;Matosinhos
Portugal;Odivelas
Portugal;Oeiras
Portugal;Ponta Delgada
Portugal;Portimao
Portugal;Porto
Portugal;Santarem
Portugal;Setubal
Portugal;Tavira
Portugal;Torres Vedras
Portugal;Viana do Castelo
Portugal;Vila Franca de Xira
Portugal;Vila Nova De Gaia
Portugal;Vila Real
Portugal;Viseu
Puerto Rico;Aguadilla
Puerto Rico;Arecibo
Puerto Rico;Bayamon
Puerto Rico;Cabo Rojo
Puerto Rico;Caguas
Puerto Rico;Carolina
Puerto Rico;Cayey
Puerto Rico;Dorado
Puerto Rico;Guayama
Puerto Rico;Guaynabo
Puerto Rico;Humacao
Puerto Rico;Isabela
Puerto Rico;Mayaguez
Puerto Rico;Ponce
Puerto Rico;Rincon
Puerto Rico;San Juan
Qatar;Al Rayyan
Qatar;Al Wakrah
Qatar;Doha
Reunion;Saint-denis
Romania;Alba Iulia
Romania;Arad
Romania;Bacau
Romania;Baia Mare
Romania;Barlad
Romania;Bistrita
Romania;Botosani
Romania;Braila
Romania;Brasov
Romania;Bucharest
Romania;Buzau
Romania;Calarasi
Romania;Campina
Romania;Cluj-napoca
Romania;Constanta
Romania;Craiova
Romania;Cugir
Romania;Deva
Romania;Focsani
Romania;Galati
Romania;Giurgiu
Romania;Iasi
Romania;Iernut
Romania;Miercurea Ciuc
Romania;Onesti
Romania;Oradea
Romania;Piatra Neamt
Romania;Pitesti
Romania;Ploiesti
Romania;Ramnicu Valcea
Romania;Roman
Romania;Satu Mare
Romania;Sfantu Gheorghe
Romania;Sibiu
Romania;Suceava
Romania;Targoviste
Romania;Targu Jiu (Tirgu Jiu)
Romania;Targu Mures
Romania;Timisoara
Romania;Tulcea
Romania;Vaslui
Romania;Zalau
Russia;Arkhangelsk
Russia;Astrakhan
Russia;Barnaul
Russia;Belgorod
Russia;Chelyabinsk
Russia;Irkutsk
Russia;Izhevsk
Russia;Kaliningrad
Russia;Kazan
Russia;Kirov
Russia;Kostroma
Russia;Krasnodar
Russia;Krasnoyarsk
Russia;Kursk
Russia;Lipetsk
Russia;Moscow
Russia;Nizhniy Novgorod
Russia;Novokuznetsk
Russia;Novorossiysk
Russia;Novosibirsk
Russia;Omsk
Russia;Perm
Russia;Pskov
Russia;Rostov-na-donu
Russia;Ryazan
Russia;Saint Petersburg
Russia;Samara
Russia;Saratov
Russia;Sevastopol
Russia;Simferopol
Russia;Smolensk
Russia;Sochi
Russia;Stavropol
Russia;Tolyatti (Togliatti)
Russia;Tomsk
Russia;Tula
Russia;Tyumen
Russia;Ufa
Russia;Ulyanovsk
Russia;Vladivostok
Russia;Volgograd
Russia;Voronezh
Russia;Yakutsk
Russia;Yaroslavl
Russia;Yekaterinburg
Russia;Yuzhno-Sakhalinsk
Rwanda;Kigali
Saint Kitts And Nevis;Basseterre
Saint Lucia;Castries
Saint Lucia;Gros Islet
Samoa;Apia
Saudi Arabia;Abha
Saudi Arabia;Ad Dammam
Saudi Arabia;Al Hufuf
Saudi Arabia;Al Khobar
Saudi Arabia;Al-khubar
Saudi Arabia;At Ta'if
Saudi Arabia;Buraydah
Saudi Arabia;Dhahran
Saudi Arabia;Jeddah (Jiddah)
Saudi Arabia;Jizan
Saudi Arabia;Jubail
Saudi Arabia;Khafji
Saudi Arabia;Mecca
Saudi Arabia;Medina
Saudi Arabia;Najran
Saudi Arabia;Riyadh
Saudi Arabia;Yanbu' Al Bahr
Senegal;Dakar
Serbia;Belgrade
Serbia;Cacak
Serbia;Indjija
Serbia;Jagodina
Serbia;Kikinda
Serbia;Kragujevac
Serbia;Leskovac
Serbia;Loznica
Serbia;Nis
Serbia;Novi Sad
Serbia;Pancevo
Serbia;Pirot
Serbia;Sabac
Serbia;Sombor
Serbia;Sremska Mitrovica
Serbia;Subotica
Serbia;Valjevo
Serbia;Vranje
Serbia;Vrsac
Serbia;Zrenjanin
Seychelles;Beau Vallon
Seychelles;Mahe
Seychelles;Victoria
Singapore;Singapore
Sint Maarten;Philipsburg
Slovakia;Banska Bystrica
Slovakia;Bratislava
Slovakia;Kosice
Slovakia;Liptovsky Mikulas
Slovakia;Martin
Slovakia;Nitra
Slovakia;Poprad
Slovakia;Presov
Slovakia;Prievidza
Slovakia;Trencin
Slovakia;Trnava
Slovakia;Zilina
Slovakia;Zvolen
Slovenia;Bled
Slovenia;Celje
Slovenia;Izola
Slovenia;Koper
Slovenia;Kranj
Slovenia;Ljubljana
Slovenia;Maribor
Slovenia;Nova Gorica
Slovenia;Novo Mesto
Slovenia;Ravne na Koroškem
Slovenia;Sezana
Somalia;Hargeysa
Somalia;Mogadishu
South Africa;Alberton
South Africa;Ballito
South Africa;Benoni
South Africa;Bloemfontein
South Africa;Boksburg
South Africa;Cape Town
South Africa;Durban
South Africa;East London
South Africa;George
South Africa;Grahamstown
South Africa;Heidelberg, GP
South Africa;Johannesburg
South Africa;Kimberley
South Africa;Knysna
South Africa;Krugersdorp
South Africa;Midrand
South Africa;Nelspruit
South Africa;Newcastle
South Africa;Pietermaritzburg
South Africa;Port Elizabeth
South Africa;Port Shepstone
South Africa;Potchefstroom
South Africa;Pretoria
South Africa;Randburg
South Africa;Richards Bay
South Africa;Rustenburg
South Africa;Sandton
South Africa;Secunda
South Africa;Somerset West
South Africa;Springs
South Africa;Stellenbosch
South Africa;Upington
South Africa;Vanderbijlpark
South Africa;Welkom
South Korea;Ansan
South Korea;Anyang
South Korea;Busan
South Korea;Cheonan
South Korea;Chuncheon
South Korea;Daegu
South Korea;Daejeon
South Korea;Geoje
South Korea;Gwangju
South Korea;Gyeonggi
South Korea;Ilsan
South Korea;Incheon
South Korea;Jeju
South Korea;Jeonju
South Korea;Pyongtaek
South Korea;Seongnam
South Korea;Seoul
South Korea;Suwon
South Korea;Ulsan
South Sudan;Juba
Spain;Albacete
Spain;Alcala de Henares
Spain;Alicante
Spain;Almeria
Spain;Arrecife
Spain;Badajoz
Spain;Barcelona
Spain;Bilbao
Spain;Burgos
Spain;Caceres
Spain;Cadiz
Spain;Calpe
Spain;Canary Islands
Spain;Cartagena
Spain;Castellon De La Plana
Spain;Ciudad Real
Spain;Cordoba
Spain;Corralejo
Spain;Corunna
Spain;Denia
Spain;Elche
Spain;Ferrol
Spain;Gandia
Spain;Gijon
Spain;Girona
Spain;Granada
Spain;Guadalajara
Spain;Huelva
Spain;Ibiza
Spain;Jaen
Spain;Jerez de la Frontera
Spain;L'hospitalet De Llobregat
Spain;La Linea de la Concepcion
Spain;Las Palmas
Spain;Leon
Spain;Lleida
Spain;Logrono
Spain;Lugo
Spain;Madrid
Spain;Malaga
Spain;Manresa
Spain;Marbella
Spain;Mazarron
Spain;Murcia
Spain;Oviedo
Spain;Palma De Mallorca
Spain;Pamplona
Spain;Pontevedra
Spain;Puerto Del Rosario
Spain;Puerto de la Cruz
Spain;Sabadell
Spain;Salamanca
Spain;San Sebastian
Spain;Santa Cruz De Tenerife
Spain;Santander
Spain;Santiago de Compostela
Spain;Segovia
Spain;Sevilla
Spain;Tarragona
Spain;Terrassa
Spain;Torrevieja
Spain;Valencia
Spain;Valladolid
Spain;Vigo
Spain;Vitoria-gasteiz
Spain;Zaragoza (Saragossa)
Sri Lanka;Colombo
Sri Lanka;Galle
Sri Lanka;Gampaha
Sri Lanka;Jaffna
Sri Lanka;Kandy
Sri Lanka;Kurunegala
Sri Lanka;Matara
Sri Lanka;Negombo
Sri Lanka;Nuwara Eliya
Sudan;Khartoum
Suriname;Paramaribo
Swaziland;Ezulwini
Swaziland;Mbabane
Sweden;Akersberga
Sweden;Boras
Sweden;Eskilstuna
Sweden;Falun
Sweden;Gavle
Sweden;Gothenburg
Sweden;Halmstad
Sweden;Helsingborg
Sweden;Jonkoping
Sweden;Kalmar
Sweden;Karlskrona
Sweden;Karlstad
Sweden;Kristianstad
Sweden;Linkoping
Sweden;Lulea
Sweden;Lund
Sweden;Malmo
Sweden;Norrkoping
Sweden;Nyköping
Sweden;Orebro
Sweden;Ostersund
Sweden;Skelleftea
Sweden;Skovde
Sweden;Stenungsund
Sweden;Stockholm
Sweden;Sundsvall
Sweden;Umea
Sweden;Uppsala
Sweden;Vasteras
Sweden;Vaxjo
Switzerland;Baden
Switzerland;Basel
Switzerland;Bern
Switzerland;Biel
Switzerland;Chur
Switzerland;Fribourg
Switzerland;Geneva
Switzerland;Lausanne
Switzerland;Locarno
Switzerland;Lucerne
Switzerland;Lugano
Switzerland;Neuchatel
Switzerland;Olten
Switzerland;Schaffhausen
Switzerland;Sion
Switzerland;St. Gallen
Switzerland;Vevey
Switzerland;Winterthur
Switzerland;Zug
Switzerland;Zurich
Syria;Aleppo
Syria;Damascus
Syria;Dimashq
Syria;Hims
Syria;Latakia
Taiwan;HsinChu
Taiwan;Jhongli City
Taiwan;Kaohsiung
Taiwan;Keelung
Taiwan;New Taipei City
Taiwan;Taichung
Taiwan;Tainan
Taiwan;Taipei
Taiwan;Taoyuan
Tajikistan;Dushanbe
Tanzania;Arusha
Tanzania;Dar Es Salaam
Tanzania;Dodoma
Tanzania;Mwanza
Thailand;Ao Nang
Thailand;Bangkok
Thailand;Buriram
Thailand;Chiang Mai
Thailand;Chiang Rai
Thailand;Chon Buri
Thailand;Hat Yai
Thailand;Hua Hin
Thailand;Khon Kaen
Thailand;Koh Samui
Thailand;Krabi
Thailand;Maha Sarakham
Thailand;Nakhon Ratchasima
Thailand;Nakhon Sawan
Thailand;Nong Khai
Thailand;Nonthaburi
Thailand;Pattaya
Thailand;Phitsanulok
Thailand;Phuket
Thailand;Rayong
Thailand;Sakon Nakhon
Thailand;Samut Prakan
Thailand;Si Sa Ket
Thailand;Surin
Thailand;Tak
Thailand;Trang
Thailand;Udon Thani
Timor-Leste;Dili
Togo;Lome
Tonga;Nuku'alofa
Trinidad And Tobago;Arima
Trinidad And Tobago;Chaguanas
Trinidad And Tobago;Couva
Trinidad And Tobago;Port Of Spain
Trinidad And Tobago;San Fernando
Trinidad And Tobago;San Juan
Trinidad And Tobago;Tacarigua
Trinidad And Tobago;Trinidad
Tunisia;Al Marsa
Tunisia;Ariana
Tunisia;Ben Arous
Tunisia;Gabes
Tunisia;Kairouan
Tunisia;Monastir
Tunisia;Nabul
Tunisia;Sfax
Tunisia;Sousse
Tunisia;Tunis
Turkey;Adana
Turkey;Adapazari
Turkey;Afyon
Turkey;Alanya
Turkey;Ankara
Turkey;Antalya
Turkey;Aydin
Turkey;Balikesir
Turkey;Bodrum
Turkey;Bursa
Turkey;Canakkale
Turkey;Denizli
Turkey;Didim
Turkey;Edirne
Turkey;Eskisehir
Turkey;Fethiye
Turkey;Gaziantep
Turkey;Giresun
Turkey;Iskenderun
Turkey;Istanbul
Turkey;Izmir
Turkey;Kahramanmaras
Turkey;Kayseri
Turkey;Kocaeli
Turkey;Konya
Turkey;Mersin
Turkey;Samsun
Turkey;Tekirdag
Turkey;Yalova
Turkmenistan;Ashgabat
Turks And Caicos Islands;Providenciales
Uganda;Kampala
Ukraine;Cherkasy
Ukraine;Chernihiv
Ukraine;Chernivtsi
Ukraine;Dnipropetrovsk
Ukraine;Donetsk
Ukraine;Ivano-Frankivsk
Ukraine;Kharkiv
Ukraine;Kherson
Ukraine;Kiev
Ukraine;Kirovohrad
Ukraine;Kremenchuk
Ukraine;Kryvyy Rih
Ukraine;Lviv
Ukraine;Mykolayiv
Ukraine;Odesa
Ukraine;Poltava
Ukraine;Rivne
Ukraine;Sumy
Ukraine;Ternopil
Ukraine;Uzhhorod
Ukraine;Vinnytsya
Ukraine;Zaporizhzhya
Ukraine;Zhytomyr
United Arab Emirates;Abu Dhabi
United Arab Emirates;Ajman
United Arab Emirates;Al Ain
United Arab Emirates;Dubai
United Arab Emirates;Fujairah
United Arab Emirates;Ras Al-khaimah
United Arab Emirates;Sharjah
United Kingdom;Aberdeen
United Kingdom;Aberystwyth
United Kingdom;Andover
United Kingdom;Armagh
United Kingdom;Ashford
United Kingdom;Aylesbury
United Kingdom;Bangor
United Kingdom;Basildon
United Kingdom;Basingstoke
United Kingdom;Bath
United Kingdom;Bedford
United Kingdom;Belfast
United Kingdom;Birmingham
United Kingdom;Bishops Stortford
United Kingdom;Blackburn
United Kingdom;Blackpool
United Kingdom;Bolton
United Kingdom;Bournemouth
United Kingdom;Bradford
United Kingdom;Bridgend
United Kingdom;Brighton
United Kingdom;Bristol
United Kingdom;Buckingham
United Kingdom;Cambridge
United Kingdom;Canterbury
United Kingdom;Cardiff
United Kingdom;Carlisle
United Kingdom;Chatham
United Kingdom;Chelmsford
United Kingdom;Cheltenham
United Kingdom;Chester
United Kingdom;Colchester
United Kingdom;Coventry
United Kingdom;Crawley
United Kingdom;Croydon
United Kingdom;Derby
United Kingdom;Doncaster
United Kingdom;Dudley
United Kingdom;Dundee
United Kingdom;Durham
United Kingdom;Ealing
United Kingdom;Edinburgh
United Kingdom;Exeter
United Kingdom;Farnborough
United Kingdom;Folkestone
United Kingdom;Glasgow
United Kingdom;Gloucester
United Kingdom;Guildford
United Kingdom;Harlow
United Kingdom;Harrogate
United Kingdom;Hastings
United Kingdom;High Wycombe
United Kingdom;Huddersfield
United Kingdom;Hull
United Kingdom;Inverness
United Kingdom;Ipswich
United Kingdom;Isle of Wight
United Kingdom;Kingston Upon Hull
United Kingdom;Kingston Upon Thames
United Kingdom;Lancaster
United Kingdom;Leeds
United Kingdom;Leicester
United Kingdom;Lincoln
United Kingdom;Liverpool
United Kingdom;Llandudno
United Kingdom;London
United Kingdom;Londonderry
United Kingdom;Luton
United Kingdom;Maidstone
United Kingdom;Manchester
United Kingdom;Middlesbrough
United Kingdom;Milton Keynes
United Kingdom;Newcastle Upon Tyne
United Kingdom;Newport
United Kingdom;Northampton
United Kingdom;Norwich
United Kingdom;Nottingham
United Kingdom;Oldham
United Kingdom;Oxford
United Kingdom;Perth
United Kingdom;Peterborough
United Kingdom;Plymouth
United Kingdom;Portsmouth
United Kingdom;Preston
United Kingdom;Reading
United Kingdom;Royal Leamington Spa
United Kingdom;Sheffield
United Kingdom;Shrewsbury, Shropshire
United Kingdom;Slough
United Kingdom;Southampton
United Kingdom;Southend-on-sea
United Kingdom;St Albans
United Kingdom;St. Andrews
United Kingdom;Stirling
United Kingdom;Stoke-On-Trent
United Kingdom;Sunderland
United Kingdom;Surrey
United Kingdom;Swansea
United Kingdom;Swindon
United Kingdom;Telford
United Kingdom;Truro
United Kingdom;Tunbridge Wells
United Kingdom;Warrington
United Kingdom;Watford
United Kingdom;Welwyn Garden City
United Kingdom;Westminster
United Kingdom;Wigan
United Kingdom;Wolverhampton
United Kingdom;Worcester
United Kingdom;Worthing
United Kingdom;York
United States;Aberdeen, SD
United States;Aberdeen, WA
United States;Abilene, TX
United States;Abingdon, MD
United States;Adrian, MI
United States;Akron, OH
United States;Albany, GA
United States;Albany, NY
United States;Albany, OR
United States;Albert Lea, MN
United States;Albuquerque, NM
United States;Alexandria, MN
United States;Alexandria, VA
United States;Allen, TX
United States;Allentown, PA
United States;Alpena, MI
United States;Alpharetta, GA
United States;Alton, IL
United States;Amarillo, TX
United States;Ames, IA
United States;Amherst, MA
United States;Anaheim, CA
United States;Anchorage, AK
United States;Anderson, SC
United States;Ann Arbor, MI
United States;Annapolis, MD
United States;Apple Valley, CA
United States;Appleton, WI
United States;Arlington, TX
United States;Arlington, VA
United States;Asheville, NC
United States;Ashland, WI
United States;Aspen, CO
United States;Astoria, NY
United States;Astoria, OR
United States;Athens, GA
United States;Athens, OH
United States;Atlanta, GA
United States;Atlantic City, NJ
United States;Auburn, AL
United States;Augusta, GA
United States;Augusta, ME
United States;Aurora, IL
United States;Austin, TX
United States;Avon, CO
United States;Bakersfield, CA
United States;Baltimore, MD
United States;Baton Rouge, LA
United States;Battle Creek, MI
United States;Bayonne, NJ
United States;Beaumont, TX
United States;Beaverton, OR
United States;Beckley, WV
United States;Bedminster Township, NJ
United States;Belleville, IL
United States;Bellevue, WA
United States;Bellingham, WA
United States;Bend, OR
United States;Bentonville, AR
United States;Bergen County, NJ
United States;Berkeley, CA
United States;Bethlehem, PA
United States;Billings, MT
United States;Biloxi, MS
United States;Binghamton, NY
United States;Birmingham, AL
United States;Bismarck, ND
United States;Blacksburg, VA
United States;Bloomington, IL
United States;Bloomington, IN
United States;Boca Raton, FL
United States;Boise, ID
United States;Bolingbrook, IL
United States;Boston, MA
United States;Boulder, CO
United States;Bowling Green, KY
United States;Bowling Green, OH
United States;Bozeman, MT
United States;Bradenton, FL
United States;Breckenridge, CO
United States;Bremerton, WA
United States;Bronx, NY
United States;Brookhaven, NY
United States;Brooklyn, NY
United States;Brownsville, TX
United States;Brunswick, GA
United States;Brunswick, ME
United States;Buffalo, NY
United States;Buford, GA
United States;Burlington, IA
United States;Burlington, VT
United States;Butte, MT
United States;Cabot, AR
United States;Cambridge, MA
United States;Canton, OH
United States;Cape Girardeau, MO
United States;Carbondale, IL
United States;Carlsbad, CA
United States;Carson City, NV
United States;Casper, WY
United States;Cedar Rapids, IA
United States;Centreville, VA
United States;Champaign, IL
United States;Chandler, AZ
United States;Chapel Hill, NC
United States;Charleston, SC
United States;Charleston, WV
United States;Charlotte, NC
United States;Charlottesville, VA
United States;Chattanooga, TN
United States;Cherry Hill, NJ
United States;Chesapeake, VA
United States;Chesterfield, MI
United States;Cheyenne, WY
United States;Chicago, IL
United States;Chico, CA
United States;Christiansburg, VA
United States;Cincinnati, OH
United States;Clarksville, TN
United States;Clearwater, FL
United States;Cleveland, OH
United States;Clifton, NJ
United States;Coeur d'Alene, ID
United States;College Park, MD
United States;College Station, TX
United States;Colorado Springs, CO
United States;Columbia, MD
United States;Columbia, MO
United States;Columbia, SC
United States;Columbus, GA
United States;Columbus, IN
United States;Columbus, OH
United States;Concord, CA
United States;Concord, NC
United States;Concord, NH
United States;Conroe, TX
United States;Cookeville, TN
United States;Corpus Christi, TX
United States;Costa Mesa, CA
United States;Crestview, FL
United States;Crystal Lake, IL
United States;Cutler Bay, FL
United States;Dallas, TX
United States;Danbury, CT
United States;Danville, CA
United States;Davenport, IA
United States;Davis, CA
United States;Dayton, OH
United States;Daytona Beach, FL
United States;DeLand, FL
United States;Decatur, IL
United States;Deerfield Beach, FL
United States;Deltona, FL
United States;Denton, TX
United States;Denver, CO
United States;Des Moines, IA
United States;Des Plaines, IL
United States;Detroit, MI
United States;Dickinson, ND
United States;Dothan, AL
United States;Dover, DE
United States;Doylestown, PA
United States;Dublin, OH
United States;Duluth, GA
United States;Duluth, MN
United States;Durango, CO
United States;Durham, NC
United States;East Lansing, MI
United States;East Providence, RI
United States;Eau Claire, WI
United States;Eden Prairie, MN
United States;Edison, NJ
United States;El Centro, CA
United States;El Paso, TX
United States;Erie, PA
United States;Eugene, OR
United States;Eureka, CA
United States;Evansville, IN
United States;Everett, WA
United States;Fairbanks, AK
United States;Fairfax, VA
United States;Fairfield, CA
United States;Fairfield, CT
United States;Fairmont, WV
United States;Fargo, ND
United States;Farmington Hills, MI
United States;Farmington, MO
United States;Farmington, NM
United States;Fayetteville, AR
United States;Fayetteville, NC
United States;Flagstaff, AZ
United States;Flanders, NJ
United States;Flint, MI
United States;Florence, AL
United States;Fond du Lac, WI
United States;Fontana, CA
United States;Fort Collins, CO
United States;Fort Lauderdale, FL
United States;Fort Myers, FL
United States;Fort Smith, AR
United States;Fort Walton Beach, FL
United States;Fort Wayne, IN
United States;Fort Worth, TX
United States;Frederick, MD
United States;Fredericksburg, VA
United States;Fremont, CA
United States;Fresno, CA
United States;Gadsden, AL
United States;Gainesville, FL
United States;Gainesville, GA
United States;Galveston, TX
United States;Garland, TX
United States;Geneva, IL
United States;Germantown, MD
United States;Gillette, WY
United States;Glendale, CA
United States;Gloucester, MA
United States;Goose Creek, SC
United States;Grand Forks, ND
United States;Grand Junction, CO
United States;Grand Rapids, MI
United States;Grass Valley, CA
United States;Great Falls, MT
United States;Green Bay, WI
United States;Greensboro, NC
United States;Greensburg, PA
United States;Greenville, NC
United States;Greenville, SC
United States;Greenville, TX
United States;Gulfport, MS
United States;Hagerstown, MD
United States;Harlingen, TX
United States;Harrisburg, PA
United States;Harrisonburg va
United States;Hartford, CT
United States;Hattiesburg, MS
United States;Hayward, CA
United States;Hazard, KY
United States;Helena, MT
United States;Hempstead, NY
United States;Henderson, NV
United States;Herndon, VA
United States;Hilo, HI
United States;Hilton Head Island, SC
United States;Hoboken, NJ
United States;Honolulu, HI
United States;Houghton, MI
United States;Houston, MO
United States;Houston, TX
United States;Huntington Beach, CA
United States;Huntington, WV
United States;Huntsville, AL
United States;Hyannis, MA
United States;Idaho Falls, ID
United States;Indianapolis, IN
United States;Iowa City, IA
United States;Irvine, CA
United States;Irving, TX
United States;Islip, NY
United States;Ithaca, NY
United States;Jackson, MS
United States;Jackson, TN
United States;Jackson, WY
United States;Jacksonville, FL
United States;Jacksonville, NC
United States;Jersey City, NJ
United States;Johnson City, TN
United States;Johnstown, PA
United States;Jonesboro, AR
United States;Joplin, MO
United States;Juneau, AK
United States;Kahului, HI
United States;Kalamazoo, MI
United States;Kansas City, MO
United States;Katy, TX
United States;Kearney, NE
United States;Kennewick, WA
United States;Kenosha, WI
United States;Key West, FL
United States;Killeen, TX
United States;Kingsport, TN
United States;Kissimmee, FL
United States;Klamath Falls, OR
United States;Knoxville, TN
United States;La Crosse, WI
United States;La Porte, IN
United States;Lafayette, IN
United States;Lafayette, LA
United States;Lake Charles, LA
United States;Lake Orion, MI
United States;Lakeland, FL
United States;Lancaster, CA
United States;Lancaster, PA
United States;Lansing, MI
United States;Laramie, WY
United States;Laredo, TX
United States;Las Cruces, NM
United States;Las Vegas, NV
United States;Laurel, MD
United States;Lawrence, KS
United States;Lawrenceville, GA
United States;Lawton, OK
United States;Lewisburg, PA
United States;Lexington Park, MD
United States;Lexington, KY
United States;Lima, OH
United States;Lincoln, NE
United States;Lisle, IL
United States;Little Rock, AR
United States;Livermore, CA
United States;Logan, UT
United States;Lompoc, CA
United States;London, KY
United States;Long Beach, CA
United States;Longview, TX
United States;Longview, WA
United States;Los Angeles, CA
United States;Los Gatos, CA
United States;Louisville, KY
United States;Lubbock, TX
United States;Lynchburg, VA
United States;Macon, GA
United States;Madison, WI
United States;Manassas, VA
United States;Manchester, NH
United States;Mandeville, LA
United States;Manhattan, KS
United States;Mansfield, CT
United States;Mansfield, OH
United States;Marietta, GA
United States;Marquette, MI
United States;Martinez, CA
United States;Martinsburg, WV
United States;Massapequa, NY
United States;McAllen, TX
United States;McHenry, IL
United States;McKinney, TX
United States;Medford, OR
United States;Melbourne, FL
United States;Memphis, TN
United States;Mentor, OH
United States;Mesa, AZ
United States;Miami, FL
United States;Middlesex, NJ
United States;Midland, MI
United States;Midland, TX
United States;Milwaukee, WI
United States;Minneapolis, MN
United States;Minot, ND
United States;Missoula, MT
United States;Mobile, AL
United States;Modesto, CA
United States;Moline, IL
United States;Montclair, NJ
United States;Monterey, CA
United States;Montgomery, AL
United States;Morgantown, WV
United States;Morristown, NJ
United States;Moscow, ID
United States;Moses Lake
United States;Mount Vernon, WA
United States;Mountain View, CA
United States;Murfreesboro, TN
United States;Murrieta, CA
United States;Muskegon, MI
United States;Myrtle Beach, SC
United States;Nacogdoches, TX
United States;Napa, CA
United States;Naperville, IL
United States;Naples, FL
United States;Nashua, NH
United States;Nashville, TN
United States;New Bedford, MA
United States;New Bern, NC
United States;New Braunfels, TX
United States;New City, NY
United States;New Haven, CT
United States;New Orleans, LA
United States;New Port Richey, FL
United States;New York, NY
United States;Newark, DE
United States;Newark, NJ
United States;Newport Beach, CA
United States;Newport News, VA
United States;Newport, OR
United States;Newport, RI
United States;Newton, MA
United States;Norfolk, VA
United States;Normal, IL
United States;Norman, OK
United States;North Brunswick, NJ
United States;North East, MD
United States;Northampton, MA
United States;Norwalk, CT
United States;Norwich, CT
United States;O'Fallon, IL
United States;Oakland, CA
United States;Ocala, FL
United States;Oceanside, CA
United States;Ogden, UT
United States;Ojai, CA
United States;Oklahoma City, OK
United States;Olympia, WA
United States;Omaha, NE
United States;Ontario,CA
United States;Orem, UT
United States;Orlando, FL
United States;Oshkosh, WI
United States;Overland Park, KS
United States;Owensboro, KY
United States;Oxnard, CA
United States;Oyster Bay, NY
United States;Paducah, KY
United States;Palm Coast, FL
United States;Palm Springs, CA
United States;Palmdale, CA
United States;Palo Alto, CA
United States;Panama City, FL
United States;Parsippany-Troy Hills, NJ
United States;Pasadena, CA
United States;Paso Robles, CA
United States;Pembroke Pines, FL
United States;Pensacola, FL
United States;Peoria, AZ
United States;Peoria, IL
United States;Philadelphia, PA
United States;Phoenix, AZ
United States;Pierre, SD
United States;Pittsburgh, PA
United States;Pittsfield, MA
United States;Plano, TX
United States;Plattsburgh, NY
United States;Pleasanton, CA
United States;Plymouth, MI
United States;Pocatello, ID
United States;Pomona, CA
United States;Port St Lucie, FL
United States;Portland, ME
United States;Portland, OR
United States;Poughkeepsie, NY
United States;Prescott, AZ
United States;Princeton, NJ
United States;Providence, RI
United States;Pueblo, CO
United States;Pullman, WA
United States;Queen Creek, AZ
United States;Queens, NY
United States;Queensbury, NY
United States;Raleigh, NC
United States;Rancho Cucamonga, CA
United States;Rapid City, SD
United States;Reading, PA
United States;Red Bank, NJ
United States;Redding, CA
United States;Redlands, CA
United States;Redmond, WA
United States;Redondo Beach, CA
United States;Redwood City, CA
United States;Reno, NV
United States;Renton, WA
United States;Reston, VA
United States;Richmond, KY
United States;Richmond, VA
United States;Riverside, CA
United States;Roanoke, VA
United States;Rochester, MI
United States;Rochester, MN
United States;Rochester, NY
United States;Rock Hill, SC
United States;Rockford, IL
United States;Rocklin, CA
United States;Rockville, MD
United States;Rocky Hill, CT
United States;Rogers, AR
United States;Roseburg, OR
United States;Roseville, CA
United States;Royersford, PA
United States;Sacramento, CA
United States;Saginaw, MI
United States;Saint Charles, MO
United States;Saint Cloud, MN
United States;Saint Joseph, MO
United States;Saint Louis, MO
United States;Saint Paul, MN
United States;Saint Petersburg, FL
United States;Salem, OR
United States;Salina, KS
United States;Salisbury, MD
United States;Salt Lake City, UT
United States;San Angelo, TX
United States;San Antonio, TX
United States;San Bernardino, CA
United States;San Diego, CA
United States;San Francisco, CA
United States;San Jose, CA
United States;San Luis Obispo, CA
United States;San Marcos, TX
United States;San Mateo, CA
United States;San Rafael, CA
United States;Santa Ana, CA
United States;Santa Barbara, CA
United States;Santa Clarita, CA
United States;Santa Cruz, CA
United States;Santa Fe, NM
United States;Santa Monica, CA
United States;Santa Rosa, CA
United States;Sarasota, FL
United States;Savannah, GA
United States;Schaumburg, IL
United States;Scottsdale, AZ
United States;Scranton, PA
United States;SeaTac, WA
United States;Seaside, OR
United States;Seattle, WA
United States;Sequim, WA
United States;Sheboygan, WI
United States;Shelby Township, MI
United States;Sheridan, WY
United States;Shreveport, LA
United States;Silver Spring, MD
United States;Simi Valley, CA
United States;Sioux City, IA
United States;Sioux Falls, SD
United States;Smithtown, NY
United States;Somerville, MA
United States;Spartanburg, SC
United States;Spokane, WA
United States;Spring Hill, FL
United States;Springfield, IL
United States;Springfield, MA
United States;Springfield, MO
United States;Springfield, OR
United States;Springfield, VA
United States;Spruce Pine, NC
United States;St. George, UT
United States;Stamford, CT
United States;State College, PA
United States;Statesboro, GA
United States;Stillwater, OK
United States;Stockton, CA
United States;Summerville, SC
United States;Sunnyvale, CA
United States;Syracuse, NY
United States;Tacoma, WA
United States;Tallahassee, FL
United States;Tampa, FL
United States;Taunton, MA
United States;Temecula, CA
United States;Tempe, AZ
United States;Temple, TX
United States;Terre Haute, IN
United States;Texarkana, AR
United States;The Woodlands, TX
United States;Thousand Oaks, CA
United States;Toledo, OH
United States;Topeka, KS
United States;Traverse City, MI
United States;Trenton, NJ
United States;Troy, MI
United States;Troy, NY
United States;Trumbull, CT
United States;Tucson, AZ
United States;Tulsa, OK
United States;Turlock, CA
United States;Tuscaloosa, AL
United States;Tustin, CA
United States;Tyler, TX
United States;Upland, CA
United States;Urbana, IL
United States;Utica, NY
United States;Valdosta, GA
United States;Vallejo, CA
United States;Valparaiso, IN
United States;Vancouver, WA
United States;Venice, FL
United States;Ventura, CA
United States;Vero Beach, FL
United States;Victoria, TX
United States;Victorville, CA
United States;Virginia Beach, VA
United States;Visalia, CA
United States;Waccabuc, NY
United States;Waco, TX
United States;Waikiki, HI
United States;Waipahu, HI
United States;Waldorf, MD
United States;Walla Walla, WA
United States;Walnut Creek, CA
United States;Warner Robins, GA
United States;Warrenton, VA
United States;Washington, DC
United States;Waterbury, CT
United States;Watertown, NY
United States;Waukesha, WI
United States;Wausau, WI
United States;Webster, NY
United States;West Chester, PA
United States;West Hartford, CT
United States;West Hollywood, CA
United States;West New York, NJ
United States;West Palm Beach, FL
United States;Westminster, CA
United States;Wheeling, WV
United States;White Plains, NY
United States;Wichita Falls, TX
United States;Wichita, KS
United States;Wilkes-Barre, PA
United States;Williamsburg, VA
United States;Williamsport, PA
United States;Williston, ND
United States;Wilmington, DE
United States;Wilmington, NC
United States;Winchester, VA
United States;Winston-salem, NC
United States;Woodbridge, NJ
United States;Woodbridge, VA
United States;Woodstock, GA
United States;Wooster, OH
United States;Worcester, MA
United States;Yakima, WA
United States;Yonkers, NY
United States;York, PA
United States;Youngstown, OH
United States;Yuba City, CA
United States;Yucca Valley, CA
United States;Yuma, AZ
United States;Zanesville, OH
Uruguay;Montevideo
Uruguay;Punta del Este
Uruguay;Salto
Us Virgin Islands;Christiansted
Us Virgin Islands;St Croix
Us Virgin Islands;St John
Us Virgin Islands;St Thomas
Uzbekistan;Tashkent
Uzbekistan;Taskent
Vanuatu;Port Vila
Venezuela;Caracas
Venezuela;Maracaibo
Venezuela;Valencia
Vietnam;Buon Ma Thuot
Vietnam;Da Lat
Vietnam;Da Nang
Vietnam;Hanoi
Vietnam;Ho Chi Minh City
Vietnam;Nha Trang
Vietnam;Vung Tau
Yemen;Sana'a
Yemen;Sanaa
Zambia;Agrinio
Zambia;Alexandroupolis
Zambia;Argyroupoli
Zambia;Athens
Zambia;Ayia Paraskevi
Zambia;Chalandri (Halandri)
Zambia;Chania
Zambia;Corfu
Zambia;Crete
Zambia;Drama
Zambia;Florina
Zambia;Heraklion
Zambia;Ioannina
Zambia;Kalamata
Zambia;Katerini
Zambia;Kavala
Zambia;Kefalonia
Zambia;Komotini
Zambia;Kos
Zambia;Kozani
Zambia;Larissa
Zambia;Mykonos (Mikonos)
Zambia;Mytilene
Zambia;Nafplion
Zambia;Naxos
Zambia;Palaio Faliro, Athens
Zambia;Patras
Zambia;Peristeri
Zambia;Piraeus (Pireas)
Zambia;Pyrgos
Zambia;Rethymno
Zambia;Rhodes
Zambia;Santorini
Zambia;Serrai
Zambia;Sparta
Zambia;Thessaloniki
Zambia;Trikala
Zambia;Veria
Zambia;Volos
Zambia;Xanthi
Zambia;Zakynthos
Zimbabwe;Bulawayo
Zimbabwe;Harare
Zimbabwe;Masvingo