"ID","CITY","COUNTRY_ID"
"2","Port Moresby","1"
"3","Battambang","2"
"5","Phnom Penh","2"
"6","Siem Reap","2"
"7","Sihanoukville","2"
"8","Aktau","3"
"9","Aktobe","3"
"10","Almaty","3"
"11","Astana","3"
"12","Atyrau","3"
"14","Karaganda (Qaraghandy)","3"
"15","Oskemen","3"
"16","Pavlodar","3"
"18","Asuncion","4"
"19","Aleppo","5"
"20","Damascus","5"
"21","Dimashq","5"
"22","Hims","5"
"23","Latakia","5"
"24","Freeport","6"
"25","Nassau","6"
"26","Bamako","7"
"28","Bocastown, Isla Colon","9"
"29","Boquete","9"
"30","Coronado","9"
"31","David","9"
"32","Panama City","9"
"33","Luang Prabang","10"
"34","Vientiane","10"
"35","Buenos Aires","11"
"36","Cordoba","11"
"37","La Plata","11"
"38","Mar Del Plata","11"
"39","Mendoza","11"
"40","Rosario","11"
"41","Salta","11"
"42","San Martin de Los Andes","11"
"44","Douglas","12"
"47","Mahe","13"
"48","Victoria","13"
"49","Belize City","14"
"50","Belmopan","14"
"52","Orange Walk","14"
"54","San Ignacio","14"
"55","Agrinio","15"
"56","Alexandroupolis","15"
"57","Argyroupoli","15"
"58","Athens","15"
"59","Ayia Paraskevi","15"
"61","Chania","15"
"62","Corfu","15"
"63","Crete","15"
"64","Drama","15"
"65","Florina","15"
"66","Heraklion","15"
"67","Ioannina","15"
"68","Kalamata","15"
"69","Katerini","15"
"70","Kavala","15"
"71","Kefalonia","15"
"72","Komotini","15"
"73","Kos","15"
"74","Kozani","15"
"75","Larissa","15"
"76","Mykonos (Mikonos)","15"
"77","Mytilene","15"
"80","Palaio Faliro, Athens","15"
"81","Patras","15"
"82","Peristeri","15"
"83","Piraeus (Pireas)","15"
"84","Pyrgos","15"
"85","Rethymno","15"
"86","Rhodes","15"
"87","Santorini","15"
"88","Serrai","15"
"89","Sparta","15"
"90","Thessaloniki","15"
"91","Trikala","15"
"92","Veria","15"
"93","Volos","15"
"94","Xanthi","15"
"95","Zakynthos","15"
"96","Al Muharraq","16"
"97","Juffair","16"
"98","Manama","16"
"99","Riffa","16"
"100","Saar","16"
"101","Brazzaville","17"
"102","Kinshasa","17"
"104","Walvis Bay","18"
"105","Windhoek","18"
"106","Torshavn","19"
"107","Espoo","20"
"108","Hameenlinna","20"
"109","Helsinki","20"
"110","Joensuu","20"
"111","Jyvaskyla","20"
"112","Kuopio","20"
"113","Lahti","20"
"114","Lappeenranta","20"
"115","Oulu","20"
"116","Pori","20"
"117","Porvoo","20"
"118","Rovaniemi","20"
"119","Seinajoki","20"
"120","Tampere","20"
"121","Turku","20"
"122","Vaasa","20"
"123","Vantaa","20"
"125","Gaza","21"
"126","Nablus","21"
"127","Ramallah","21"
"128","Batumi, Ajara","22"
"129","Rustavi","22"
"130","Tamarisi","22"
"131","Tbilisi","22"
"132","Sana'a","23"
"133","Sanaa","23"
"134","Aguadilla","24"
"135","Arecibo","24"
"136","Bayamon","24"
"137","Cabo Rojo","24"
"138","Caguas","24"
"139","Carolina","24"
"140","Cayey","24"
"141","Dorado","24"
"143","Guaynabo","24"
"144","Humacao","24"
"145","Isabela","24"
"146","Mayaguez","24"
"147","Ponce","24"
"149","San Juan","24"
"150","Aruba","25"
"151","Noord","25"
"152","Oranjestad","25"
"153","Antananarivo","26"
"154","Abidjan","27"
"155","Benghazi","28"
"157","Tripoli","28"
"158","Akersberga","29"
"159","Boras","29"
"160","Eskilstuna","29"
"161","Falun","29"
"162","Gavle","29"
"163","Gothenburg","29"
"164","Halmstad","29"
"165","Helsingborg","29"
"166","Jonkoping","29"
"167","Kalmar","29"
"168","Karlskrona","29"
"169","Karlstad","29"
"170","Kristianstad","29"
"171","Linkoping","29"
"172","Lulea","29"
"173","Lund","29"
"174","Malmo","29"
"175","Norrkoping","29"
"176","Nyköping","29"
"177","Orebro","29"
"178","Ostersund","29"
"179","Skelleftea","29"
"180","Skovde","29"
"181","Stenungsund","29"
"182","Stockholm","29"
"183","Sundsvall","29"
"184","Umea","29"
"185","Uppsala","29"
"186","Vasteras","29"
"187","Vaxjo","29"
"188","Blantyre","30"
"189","Lilongwe","30"
"190","Andorra La Vella","31"
"191","Augustow","32"
"192","Bialystok","32"
"193","Bielsko-biala","32"
"194","Boleslawiec","32"
"195","Bydgoszcz","32"
"196","Bytom","32"
"197","Chorzow","32"
"199","Czestochowa","32"
"201","Gdansk","32"
"202","Gdynia","32"
"203","Gliwice","32"
"204","Kalisz","32"
"205","Katowice","32"
"206","Kielce","32"
"207","Koszalin","32"
"208","Krakow (Cracow)","32"
"209","Legnica","32"
"210","Lodz","32"
"211","Lomza","32"
"212","Lublin","32"
"213","Nowy Sacz","32"
"214","Olsztyn","32"
"215","Opole","32"
"216","Pila","32"
"218","Poznan","32"
"219","Radom","32"
"220","Rybnik","32"
"221","Rzeszow","32"
"223","Sopot","32"
"224","Sosnowiec","32"
"225","Szczecin","32"
"226","Torun","32"
"227","Tychy","32"
"228","Walbrzych","32"
"229","Warsaw","32"
"230","Wroclaw","32"
"231","Zielona Gora","32"
"232","Bansko","33"
"233","Blagoevgrad","33"
"234","Burgas","33"
"235","Dobrich","33"
"236","Gabrovo","33"
"237","Haskovo","33"
"238","Kardzhali","33"
"239","Pernik","33"
"240","Pleven","33"
"241","Plovdiv","33"
"242","Ruse","33"
"243","Shumen","33"
"244","Sliven","33"
"245","Sofia","33"
"246","Stara Zagora","33"
"247","Varna","33"
"248","Veliko Tarnovo","33"
"251","Yambol","33"
"252","Al Jubayhah","34"
"254","Amman","34"
"255","Az-zarqa","34"
"256","Irbid","34"
"258","Al Marsa","35"
"259","Ariana","35"
"260","Ben Arous","35"
"261","Gabes","35"
"262","Kairouan","35"
"263","Monastir","35"
"264","Nabul","35"
"265","Sfax","35"
"266","Sousse","35"
"267","Tunis","35"
"268","Abu Dhabi","36"
"269","Ajman","36"
"270","Al Ain","36"
"271","Dubai","36"
"272","Fujairah","36"
"273","Ras Al-khaimah","36"
"274","Sharjah","36"
"275","Eldoret","37"
"276","Kericho","37"
"277","Kisumu","37"
"278","Meru","37"
"279","Mombasa","37"
"280","Nairobi","37"
"281","Nakuru","37"
"283","Papeete","38"
"284","Bandar Seri Begawan","39"
"286","Djibouti","40"
"287","Bayrut","41"
"288","Beirut","41"
"290","Juniyah","41"
"291","Tripoli","41"
"292","Baku","42"
"293","Sumgayit","42"
"294","Havana","43"
"295","Santiago De Cuba","43"
"296","Brno","44"
"297","Ceske Budejovice","44"
"299","Hradec Kralove","44"
"300","Jablonec Nad Nisou","44"
"301","Jihlava","44"
"302","Karlovy Vary","44"
"303","Kladno","44"
"305","Liberec","44"
"306","Most","44"
"309","Olomouc","44"
"310","Opava","44"
"311","Ostrava","44"
"313","Pardubice","44"
"314","Plzen","44"
"315","Prague","44"
"316","Prerov","44"
"319","Usti nad Labem","44"
"320","Zlin","44"
"321","Nouakchott","45"
"322","Castries","46"
"324","Saint Peter Port","47"
"325","St Peter Port","47"
"326","Afula","48"
"327","Arad","48"
"329","Ashdod","48"
"330","Ashqelon","48"
"331","Bat Yam","48"
"332","Beersheba","48"
"333","Bet Shemesh","48"
"334","Bethlehem","48"
"335","Giv'atayim","48"
"336","Hadera","48"
"337","Haifa","48"
"338","Herzliya","48"
"339","Hod Hasharon","48"
"340","Holon","48"
"341","Jerusalem","48"
"342","Karmiel","48"
"343","Kefar Sava","48"
"344","Kiryat Bialik","48"
"345","Kiryat Motzkin","48"
"346","Modiin","48"
"347","Nahariyya","48"
"348","Nazareth","48"
"349","Netanya","48"
"350","Petah Tikva","48"
"351","Raanana","48"
"352","Ramat Gan","48"
"353","Ramat Hasharon","48"
"354","Ramla","48"
"355","Rehovot","48"
"356","Rishon Leziyyon","48"
"357","Tel Aviv-yafo","48"
"359","Zikhron Ya'akov","48"
"360","Adelaide","49"
"361","Albany","49"
"363","Alice Springs","49"
"364","Ballarat","49"
"366","Bendigo","49"
"367","Blacktown","49"
"369","Brisbane","49"
"370","Broome, WA","49"
"372","Bunbury","49"
"374","Cairns","49"
"375","Canberra","49"
"378","Darwin","49"
"380","Dubbo","49"
"382","Frankston","49"
"383","Geelong","49"
"384","Geraldton","49"
"385","Gold Coast","49"
"386","Gosford","49"
"388","Hobart","49"
"390","Kalgoorlie","49"
"392","Lake Macquarie","49"
"393","Launceston","49"
"394","Mackay","49"
"396","Melbourne","49"
"397","Mildura","49"
"398","Newcastle","49"
"400","Orange, NSW","49"
"401","Parramatta","49"
"402","Perth","49"
"403","Port Macquarie","49"
"404","Rockhampton","49"
"405","Sunshine Coast","49"
"406","Sydney","49"
"407","Tasmania","49"
"408","Toowoomba","49"
"409","Townsville","49"
"410","Wangaratta","49"
"412","Wollongong","49"
"413","Dushanbe","50"
"414","Mandalay","51"
"415","Rangoon","51"
"416","Yangon","51"
"418","Douala","52"
"419","Yaounde","52"
"420","Gibraltar","53"
"421","Ayia Napa","54"
"422","Famagusta","54"
"423","Kyrenia (Girne)","54"
"424","Larnaca","54"
"425","Limassol","54"
"426","Nicosia","54"
"427","Paphos","54"
"428","Protaras","54"
"429","Saipan","55"
"430","Alor Setar","56"
"431","Bangi","56"
"432","Bayan Lepas","56"
"433","Bintulu","56"
"434","Butterworth","56"
"435","Cyberjaya, Selangor","56"
"436","George Town","56"
"437","Ipoh","56"
"438","Johor Bahru","56"
"440","Klang","56"
"442","Kota Kinabalu","56"
"443","Kuala Lumpur","56"
"444","Kuala Terengganu","56"
"445","Kuantan","56"
"446","Kuching","56"
"447","Labuan","56"
"449","Malacca","56"
"450","Melaka","56"
"451","Miri","56"
"453","Penang","56"
"454","Petaling Jaya","56"
"455","Putrajaya","56"
"456","Sandakan, Sabah","56"
"457","Selangor","56"
"459","Seremban","56"
"460","Shah Alam","56"
"461","Subang Jaya","56"
"462","Sungai Petani","56"
"464","Tawau","56"
"465","Akureyri","57"
"466","Hafnarfjorour","57"
"467","Keflavik","57"
"468","Reykjavik","57"
"470","Muscat","58"
"471","Nizwa","58"
"472","Salalah","58"
"473","Sohar","58"
"474","Sur","58"
"475","Banja Luka","59"
"476","Bihac","59"
"477","Bijeljina","59"
"478","Doboj","59"
"479","Mostar","59"
"481","Sarajevo","59"
"482","Trebinje","59"
"483","Tuzla","59"
"484","Zenica","59"
"485","Yerevan","60"
"486","Libreville","61"
"487","Esch-sur-alzette","62"
"488","Luxembourg","62"
"489","Strassen","62"
"490","Aracaju","63"
"491","Balneario Camboriu","63"
"493","Bauru","63"
"494","Belem","63"
"495","Belo Horizonte","63"
"496","Blumenau - Santa Catarina","63"
"497","Brasilia","63"
"498","Campinas","63"
"499","Campo Grande","63"
"500","Caxias Do Sul","63"
"501","Contagem","63"
"502","Cuiaba","63"
"503","Curitiba","63"
"504","Florianopolis","63"
"505","Fortaleza","63"
"506","Goiania","63"
"507","Guarulhos","63"
"508","Indaiatuba","63"
"510","Joao Pessoa","63"
"511","Joinville","63"
"512","Juiz De Fora","63"
"513","Jundiai","63"
"514","Londrina","63"
"515","Maceio - Alagoas","63"
"516","Manaus","63"
"517","Maringa","63"
"518","Natal","63"
"519","Niteroi","63"
"520","Pelotas","63"
"522","Porto Alegre","63"
"523","Recife","63"
"524","Ribeirao Preto","63"
"525","Rio De Janeiro","63"
"526","Salvador","63"
"527","Santa Maria","63"
"528","Santo Andre","63"
"529","Santos","63"
"530","Sao Bernardo do Campo","63"
"531","Sao Carlos","63"
"532","Sao Jose do Rio Preto SP","63"
"533","Sao Jose dos Campos","63"
"534","Sao Luis","63"
"535","Sao Paulo","63"
"536","Sorocaba","63"
"537","Teresina","63"
"538","Uberlandia","63"
"539","Vila Velha","63"
"540","Vitoria","63"
"541","Algiers","64"
"542","Annaba","64"
"543","Batna","64"
"544","Bejaia","64"
"545","Blida","64"
"547","Constantine","64"
"548","Jijel","64"
"549","Medea","64"
"550","Oran","64"
"551","Setif","64"
"552","Tizi-ouzou","64"
"553","Saint Helier","65"
"554","Bled","66"
"555","Celje","66"
"557","Koper","66"
"558","Kranj","66"
"559","Ljubljana","66"
"560","Maribor","66"
"561","Nova Gorica","66"
"562","Novo Mesto","66"
"565","Armenia","67"
"566","Barranquilla","67"
"567","Bogota","67"
"568","Bucaramanga","67"
"569","Cali","67"
"570","Cartagena","67"
"571","Cucuta","67"
"572","Ibague","67"
"573","Manizales","67"
"574","Medellin","67"
"575","Neiva","67"
"576","Pereira","67"
"577","Popayan","67"
"578","Santa Marta","67"
"579","Villavicencio","67"
"580","Ambato","68"
"582","Cotacachi","68"
"583","Cuenca","68"
"584","Guayaquil","68"
"585","Ibarra","68"
"586","Loja","68"
"587","Machala","68"
"588","Manta","68"
"589","Quito","68"
"591","Salinas","68"
"593","Chisinau","69"
"594","Tiraspol","69"
"595","Port Vila","70"
"596","La Ceiba","71"
"597","Roatan","71"
"598","San Pedro Sula","71"
"599","Tegucigalpa","71"
"600","Agrigento","72"
"601","Alessandria","72"
"602","Alghero","72"
"603","Ancona","72"
"604","Anzio (Rome)","72"
"605","Arezzo","72"
"606","Ascoli Piceno","72"
"607","Avellino","72"
"608","Aversa","72"
"609","Avezzano","72"
"610","Bari","72"
"611","Barletta","72"
"612","Belluno","72"
"613","Benevento","72"
"614","Bergamo","72"
"615","Biella","72"
"616","Bologna","72"
"617","Bolzano-Bozen","72"
"618","Brescia","72"
"619","Brindisi","72"
"620","Cagliari","72"
"621","Cantù","72"
"622","Caserta","72"
"623","Catania","72"
"624","Catanzaro","72"
"625","Cesena","72"
"626","Chieti","72"
"627","Como","72"
"628","Cosenza","72"
"629","Cuneo","72"
"630","Fano","72"
"631","Ferrara","72"
"632","Fidenza","72"
"633","Florence","72"
"634","Foggia","72"
"635","Forli","72"
"636","Frascati","72"
"637","Frosinone","72"
"638","Gela","72"
"639","Genoa","72"
"641","L'Aquila","72"
"642","La Spezia","72"
"643","Latina","72"
"644","Lecce","72"
"645","Lecco","72"
"646","Livorno","72"
"647","Lodi","72"
"648","Lucca","72"
"649","Macerata","72"
"650","Mantova","72"
"651","Matera","72"
"652","Messina","72"
"653","Milan","72"
"654","Modena","72"
"655","Monza","72"
"656","Naples","72"
"657","Novara","72"
"659","Olbia","72"
"660","Padova","72"
"661","Palermo","72"
"662","Parma","72"
"663","Pavia","72"
"664","Perugia","72"
"665","Pescara","72"
"666","Piacenza","72"
"667","Pisa","72"
"668","Pordenone","72"
"669","Ragusa","72"
"670","Ravenna","72"
"671","Reggio Di Calabria","72"
"672","Reggio Nell'emilia","72"
"673","Rieti","72"
"674","Rimini","72"
"675","Rome","72"
"676","Salerno","72"
"677","Sassari","72"
"678","Sassuolo","72"
"679","Savona","72"
"680","Siena","72"
"681","Siracusa","72"
"682","Taranto","72"
"683","Teramo","72"
"684","Terni","72"
"686","Trento","72"
"687","Treviso","72"
"688","Trieste","72"
"689","Turin","72"
"690","Udine","72"
"691","Varazze","72"
"692","Varese","72"
"693","Venice","72"
"694","Vercelli","72"
"695","Verona","72"
"697","Vicenza","72"
"698","Viterbo","72"
"699","Port Au Prince","73"
"700","Kabul","74"
"702","Bujumbura","75"
"703","Singapore","76"
"704","Arkhangelsk","77"
"705","Astrakhan","77"
"706","Barnaul","77"
"707","Belgorod","77"
"708","Chelyabinsk","77"
"709","Irkutsk","77"
"710","Izhevsk","77"
"711","Kaliningrad","77"
"712","Kazan","77"
"713","Kirov","77"
"714","Kostroma","77"
"715","Krasnodar","77"
"716","Krasnoyarsk","77"
"717","Kursk","77"
"718","Lipetsk","77"
"719","Moscow","77"
"720","Nizhniy Novgorod","77"
"721","Novokuznetsk","77"
"722","Novorossiysk","77"
"723","Novosibirsk","77"
"724","Omsk","77"
"725","Perm","77"
"726","Pskov","77"
"727","Rostov-na-donu","77"
"728","Ryazan","77"
"729","Saint Petersburg","77"
"730","Samara","77"
"731","Saratov","77"
"732","Sevastopol","77"
"733","Simferopol","77"
"734","Smolensk","77"
"735","Sochi","77"
"736","Stavropol","77"
"737","Tolyatti (Togliatti)","77"
"738","Tomsk","77"
"739","Tula","77"
"740","Tyumen","77"
"741","Ufa","77"
"742","Ulyanovsk","77"
"743","Vladivostok","77"
"744","Volgograd","77"
"745","Voronezh","77"
"746","Yakutsk","77"
"747","Yaroslavl","77"
"748","Yekaterinburg","77"
"749","Yuzhno-Sakhalinsk","77"
"750","'s-Hertogenbosch","78"
"751","Alkmaar","78"
"752","Almere","78"
"753","Amersfoort","78"
"754","Amstelveen","78"
"755","Amsterdam","78"
"756","Apeldoorn","78"
"757","Arnhem","78"
"758","Breda","78"
"759","Delft","78"
"760","Deventer","78"
"761","Dordrecht","78"
"762","Ede","78"
"763","Eindhoven","78"
"764","Enschede","78"
"766","Groningen","78"
"767","Haarlem","78"
"768","Hilversum","78"
"769","Leeuwarden","78"
"770","Leiden","78"
"771","Maastricht","78"
"772","Nijmegen","78"
"773","Roermond","78"
"774","Rotterdam","78"
"775","The Hague (Den Haag)","78"
"776","Tilburg","78"
"777","Utrecht","78"
"779","Venlo","78"
"780","Zwolle","78"
"781","Beijing","79"
"782","Changchun","79"
"783","Changsha","79"
"784","Chengdu","79"
"785","Chongqing","79"
"786","Dalian","79"
"787","Dongguan","79"
"788","Foshan","79"
"789","Fuzhou","79"
"790","Guangzhou","79"
"791","Haikou","79"
"792","Hangzhou","79"
"793","Harbin","79"
"794","Jiaxing","79"
"795","Jinan","79"
"796","Kunming, Yunnan","79"
"798","Nanchang","79"
"799","Nanjing","79"
"800","Nanning","79"
"802","Ningbo","79"
"803","Qingdao, Shandong","79"
"804","Shanghai","79"
"805","Shenyang","79"
"806","Shenzhen","79"
"807","Suzhou","79"
"808","Taiyuan","79"
"809","Tianjin","79"
"810","Urumqi","79"
"811","Wenzhou","79"
"812","Wuhan","79"
"813","Wuxi","79"
"814","Xi'an","79"
"815","Xiamen","79"
"816","Yantai","79"
"817","Zhengzhou","79"
"818","Zhongshan","79"
"819","Zhuhai","79"
"820","Philipsburg","80"
"821","Bishkek","81"
"822","Saint-denis","82"
"823","Thimphu","83"
"824","Alba Iulia","84"
"825","Arad","84"
"826","Bacau","84"
"827","Baia Mare","84"
"828","Barlad","84"
"829","Bistrita","84"
"830","Botosani","84"
"831","Braila","84"
"832","Brasov","84"
"833","Bucharest","84"
"834","Buzau","84"
"835","Calarasi","84"
"836","Campina","84"
"837","Cluj-napoca","84"
"838","Constanta","84"
"839","Craiova","84"
"841","Deva","84"
"842","Focsani","84"
"843","Galati","84"
"844","Giurgiu","84"
"845","Iasi","84"
"847","Miercurea Ciuc","84"
"849","Oradea","84"
"850","Piatra Neamt","84"
"851","Pitesti","84"
"852","Ploiesti","84"
"853","Ramnicu Valcea","84"
"854","Roman","84"
"855","Satu Mare","84"
"857","Sibiu","84"
"858","Suceava","84"
"859","Targoviste","84"
"860","Targu Jiu (Tirgu Jiu)","84"
"861","Targu Mures","84"
"862","Timisoara","84"
"863","Tulcea","84"
"864","Vaslui","84"
"865","Zalau","84"
"866","Lome","85"
"867","Alabang","86"
"868","Angeles","86"
"869","Antipolo","86"
"870","Bacolod","86"
"871","Baguio","86"
"872","Batangas","86"
"873","Bohol","86"
"874","Butuan","86"
"876","Cagayan de Oro City","86"
"877","Calamba","86"
"878","Caloocan","86"
"879","Cavite","86"
"880","Cebu","86"
"881","Davao","86"
"882","Dumaguete","86"
"883","General Santos","86"
"884","Iloilo","86"
"885","Las Pinas","86"
"886","Lucena","86"
"887","Makati","86"
"888","Mandaluyong","86"
"889","Mandaue","86"
"890","Manila","86"
"891","Marikina","86"
"892","Muntinlupa","86"
"893","Naga","86"
"894","Olongapo","86"
"895","Pampanga","86"
"896","Paranaque City","86"
"897","Pasay","86"
"898","Pasig","86"
"900","Puerto Princesa","86"
"901","Quezon City","86"
"902","San Fernando, La Union","86"
"903","Santa Rosa","86"
"904","Subic Bay Freeport Zone","86"
"905","Surigao","86"
"906","Tacloban","86"
"907","Taguig City","86"
"908","Tarlac City","86"
"909","Valenzuela","86"
"910","Zamboanga","86"
"911","Tashkent","87"
"912","Taskent","87"
"913","Road Town","88"
"914","Bulawayo","89"
"915","Harare","89"
"917","Bar","90"
"918","Budva","90"
"919","Herceg Novi","90"
"920","Kotor","90"
"921","Niksic","90"
"922","Podgorica","90"
"923","Tivat","90"
"924","Roseau","91"
"925","Bali","92"
"926","Balikpapan","92"
"927","Bandung","92"
"928","Banjarmasin","92"
"929","Batam","92"
"930","Bekasi","92"
"931","Bogor","92"
"932","Denpasar","92"
"933","Depok","92"
"934","Indonesia","92"
"935","Jakarta","92"
"936","Makassar","92"
"937","Malang","92"
"938","Manado","92"
"940","Medan","92"
"941","Palembang","92"
"942","Pekanbaru","92"
"943","Pontianak","92"
"944","Semarang","92"
"945","Surabaya","92"
"946","Surakarta","92"
"947","Tangerang","92"
"948","Yogyakarta","92"
"949","Luanda","93"
"950","Khartoum","94"
"951","Albufeira","95"
"952","Algarve","95"
"953","Almada","95"
"954","Amadora","95"
"955","Aveiro","95"
"956","Barcelos","95"
"957","Barreiro","95"
"958","Braga","95"
"959","Braganca","95"
"960","Cascais","95"
"962","Coimbra","95"
"963","Covilha","95"
"964","Evora","95"
"965","Faro","95"
"966","Funchal","95"
"967","Guimaraes","95"
"969","Lagos","95"
"970","Leiria","95"
"971","Lisbon","95"
"972","Maia","95"
"973","Matosinhos","95"
"974","Odivelas","95"
"975","Oeiras","95"
"976","Ponta Delgada","95"
"977","Portimao","95"
"978","Porto","95"
"979","Santarem","95"
"980","Setubal","95"
"981","Tavira","95"
"983","Viana do Castelo","95"
"985","Vila Nova De Gaia","95"
"986","Vila Real","95"
"987","Viseu","95"
"988","Noumea","96"
"989","Saint George's","97"
"990","George Town","98"
"991","Georgetown","98"
"992","Agrinio","99"
"993","Alexandroupolis","99"
"994","Argyroupoli","99"
"995","Athens","99"
"996","Ayia Paraskevi","99"
"998","Chania","99"
"999","Corfu","99"
"1000","Crete","99"
"1001","Drama","99"
"1002","Florina","99"
"1003","Heraklion","99"
"1004","Ioannina","99"
"1005","Kalamata","99"
"1006","Katerini","99"
"1007","Kavala","99"
"1008","Kefalonia","99"
"1009","Komotini","99"
"1010","Kos","99"
"1011","Kozani","99"
"1012","Larissa","99"
"1013","Mykonos (Mikonos)","99"
"1014","Mytilene","99"
"1017","Palaio Faliro, Athens","99"
"1018","Patras","99"
"1019","Peristeri","99"
"1020","Piraeus (Pireas)","99"
"1021","Pyrgos","99"
"1022","Rethymno","99"
"1023","Rhodes","99"
"1024","Santorini","99"
"1025","Serrai","99"
"1026","Sparta","99"
"1027","Thessaloniki","99"
"1028","Trikala","99"
"1029","Veria","99"
"1030","Volos","99"
"1031","Xanthi","99"
"1032","Zakynthos","99"
"1033","Daugavpils","100"
"1034","Jelgava","100"
"1035","Liepaja","100"
"1036","Riga","100"
"1037","Ulaanbaatar","101"
"1039","Esfahan","102"
"1041","Karaj","102"
"1042","Kerman","102"
"1044","Mashhad","102"
"1045","Qazvin","102"
"1047","Rasht","102"
"1049","Shiraz","102"
"1050","Tabriz","102"
"1051","Tehran","102"
"1052","Agadir","103"
"1053","Casablanca","103"
"1054","El Jadida","103"
"1056","Kenitra","103"
"1057","Marrakech","103"
"1058","Rabat","103"
"1059","Settat","103"
"1060","Tangier","103"
"1061","Tetouan","103"
"1062","Antigua Guatemala","104"
"1063","Guatemala City","104"
"1065","Georgetown","105"
"1066","As Sulaymaniyah","106"
"1067","Baghdad","106"
"1068","Basra","106"
"1069","Duhok","106"
"1070","Irbil","106"
"1071","Kirkuk","106"
"1072","Antofagasta","107"
"1074","Concepcion","107"
"1075","Iquique","107"
"1076","La Serena","107"
"1077","Osorno","107"
"1078","Puerto Montt","107"
"1079","Punta Arenas","107"
"1080","Santiago","107"
"1081","Temuco","107"
"1082","Valdivia","107"
"1083","Valparaiso","107"
"1084","Vina Del Mar","107"
"1086","Biratnagar","108"
"1087","Butwal","108"
"1088","Dhangadhi","108"
"1089","Kathmandu","108"
"1090","Lalitpur","108"
"1091","Pokhara","108"
"1092","Arusha","109"
"1093","Dar Es Salaam","109"
"1095","Mwanza","109"
"1096","Cherkasy","110"
"1097","Chernihiv","110"
"1098","Chernivtsi","110"
"1099","Dnipropetrovsk","110"
"1100","Donetsk","110"
"1101","Ivano-Frankivsk","110"
"1102","Kharkiv","110"
"1103","Kherson","110"
"1104","Kiev","110"
"1105","Kirovohrad","110"
"1106","Kremenchuk","110"
"1107","Kryvyy Rih","110"
"1108","Lviv","110"
"1109","Mykolayiv","110"
"1110","Odesa","110"
"1111","Poltava","110"
"1112","Rivne","110"
"1113","Sumy","110"
"1114","Ternopil","110"
"1115","Uzhhorod","110"
"1116","Vinnytsya","110"
"1117","Zaporizhzhya","110"
"1118","Zhytomyr","110"
"1119","Accra","111"
"1120","Cape Coast","111"
"1123","Agartala","112"
"1124","Agra","112"
"1125","Ahmedabad","112"
"1126","Ajmer","112"
"1127","Allahabad","112"
"1128","Amravati","112"
"1129","Amritsar","112"
"1130","Anand","112"
"1131","Anantapur","112"
"1132","Asansol","112"
"1133","Aurangabad","112"
"1134","Balasore","112"
"1136","Bangalore","112"
"1137","Bathinda","112"
"1138","Begusarai","112"
"1139","Belgaum","112"
"1140","Berhampur","112"
"1141","Bhagalpur","112"
"1142","Bharuch, Gujarat","112"
"1143","Bhavnagar","112"
"1144","Bhilai","112"
"1145","Bhiwadi","112"
"1146","Bhopal","112"
"1147","Bhubaneswar","112"
"1148","Bikaner","112"
"1149","Bilaspur","112"
"1150","Bokaro","112"
"1151","Chandigarh","112"
"1152","Chennai","112"
"1153","Cherthala","112"
"1154","Chittoor","112"
"1155","Coimbatore","112"
"1156","Dehradun","112"
"1157","Delhi","112"
"1158","Dibrugarh","112"
"1159","Eluru","112"
"1160","Ernakulam","112"
"1161","Erode","112"
"1162","Faridabad","112"
"1163","Gandhinagar","112"
"1164","Ghaziabad","112"
"1165","Goa","112"
"1167","Gujarat","112"
"1168","Gulbarga","112"
"1169","Guntur","112"
"1170","Gurgaon","112"
"1171","Guwahati","112"
"1172","Gwalior","112"
"1173","Hisar","112"
"1174","Hosur","112"
"1175","Hubli","112"
"1176","Hyderabad","112"
"1177","Imphal","112"
"1178","Indore","112"
"1179","Jabalpur","112"
"1180","Jaipur","112"
"1181","Jalandhar","112"
"1182","Jalgaon","112"
"1183","Jammu","112"
"1184","Jamnagar","112"
"1185","Jamshedpur","112"
"1187","Jodhpur","112"
"1188","Kalyan","112"
"1189","Kannur","112"
"1190","Kanpur","112"
"1191","Kharagpur","112"
"1192","Kochi","112"
"1193","Kolhapur","112"
"1194","Kolkata","112"
"1195","Kollam","112"
"1196","Kota","112"
"1197","Kottayam","112"
"1198","Kozhikode (Calicut)","112"
"1199","Latur","112"
"1200","Lucknow (Lakhnau)","112"
"1201","Ludhiana","112"
"1202","Madras","112"
"1203","Madurai","112"
"1204","Mangalore","112"
"1205","Meerut","112"
"1206","Mumbai","112"
"1207","Muzaffarpur","112"
"1208","Mysore","112"
"1209","Nagercoil, Tamil Nadu","112"
"1210","Nagpur","112"
"1211","Nanded","112"
"1212","Nasik","112"
"1213","Navi Mumbai","112"
"1214","Nellore","112"
"1216","Noida","112"
"1217","Palakkad","112"
"1218","Panaji","112"
"1219","Panipat","112"
"1221","Patiala","112"
"1222","Patna","112"
"1223","Pondicherry","112"
"1224","Pune","112"
"1225","Raipur","112"
"1226","Rajkot","112"
"1227","Ranchi","112"
"1229","Salem","112"
"1230","Sambalpur","112"
"1231","Sangli","112"
"1232","Satara","112"
"1233","Shimla","112"
"1234","Siliguri","112"
"1235","Solapur","112"
"1236","Srinagar","112"
"1237","Surat","112"
"1238","Tenali","112"
"1239","Thane","112"
"1240","Thiruvananthapuram","112"
"1241","Thrissur","112"
"1242","Tiruchirapalli (Trichy)","112"
"1243","Tirunelveli, Tamil Nadu","112"
"1244","Tirupati","112"
"1245","Tirupur","112"
"1247","Tumkur","112"
"1248","Udaipur","112"
"1249","Ujjain","112"
"1250","Ulhasnagar","112"
"1251","Vadodara","112"
"1252","Vapi","112"
"1253","Varanasi","112"
"1254","Vellore","112"
"1255","Vijayawada","112"
"1256","Visakhapatnam","112"
"1257","Warangal","112"
"1259","St. John's","113"
"1260","Male","114"
"1261","Adana","115"
"1262","Adapazari","115"
"1264","Alanya","115"
"1265","Ankara","115"
"1266","Antalya","115"
"1267","Aydin","115"
"1268","Balikesir","115"
"1269","Bodrum","115"
"1270","Bursa","115"
"1271","Canakkale","115"
"1272","Denizli","115"
"1274","Edirne","115"
"1275","Eskisehir","115"
"1276","Fethiye","115"
"1277","Gaziantep","115"
"1280","Istanbul","115"
"1281","Izmir","115"
"1282","Kahramanmaras","115"
"1283","Kayseri","115"
"1284","Kocaeli","115"
"1285","Konya","115"
"1286","Mersin","115"
"1287","Samsun","115"
"1288","Tekirdag","115"
"1289","Yalova","115"
"1291","Antwerp","116"
"1292","Brugge","116"
"1293","Brussels","116"
"1294","Charleroi","116"
"1295","Genk","116"
"1296","Gent","116"
"1298","Hasselt","116"
"1299","Kortrijk","116"
"1300","Leuven","116"
"1301","Liege","116"
"1302","Mechelen","116"
"1303","Mons","116"
"1304","Namur","116"
"1307","HsinChu","117"
"1308","Jhongli City","117"
"1309","Kaohsiung","117"
"1311","New Taipei City","117"
"1312","Taichung","117"
"1313","Tainan","117"
"1314","Taipei","117"
"1315","Taoyuan","117"
"1316","Alberton","118"
"1317","Ballito","118"
"1318","Benoni","118"
"1319","Bloemfontein","118"
"1320","Boksburg","118"
"1321","Cape Town","118"
"1322","Durban","118"
"1323","East London","118"
"1324","George","118"
"1325","Grahamstown","118"
"1326","Heidelberg, GP","118"
"1327","Johannesburg","118"
"1328","Kimberley","118"
"1329","Knysna","118"
"1330","Krugersdorp","118"
"1331","Midrand","118"
"1332","Nelspruit","118"
"1333","Newcastle","118"
"1334","Pietermaritzburg","118"
"1335","Port Elizabeth","118"
"1337","Potchefstroom","118"
"1338","Pretoria","118"
"1339","Randburg","118"
"1340","Richards Bay","118"
"1341","Rustenburg","118"
"1342","Sandton","118"
"1343","Secunda","118"
"1344","Somerset West","118"
"1345","Springs","118"
"1346","Stellenbosch","118"
"1347","Upington","118"
"1348","Vanderbijlpark","118"
"1349","Welkom","118"
"1350","Hamilton","119"
"1351","Southampton","119"
"1352","Mariehamn","120"
"1354","Kingston","121"
"1356","Montego Bay","121"
"1357","Negril","121"
"1358","Ocho Rios","121"
"1359","Portmore","121"
"1360","Arequipa","122"
"1361","Cusco","122"
"1362","Lima","122"
"1363","Tacna","122"
"1364","Trujillo","122"
"1365","Ashgabat","123"
"1366","Aachen","124"
"1367","Aschaffenburg","124"
"1368","Augsburg","124"
"1369","Baden Wurttemburg","124"
"1370","Bamberg","124"
"1371","Bayreuth","124"
"1372","Berlin","124"
"1373","Bielefeld","124"
"1374","Bochum","124"
"1375","Bonn","124"
"1376","Braunschweig","124"
"1377","Bremen","124"
"1378","Chemnitz","124"
"1379","Coburg","124"
"1380","Cologne","124"
"1381","Darmstadt","124"
"1382","Dortmund","124"
"1383","Dresden","124"
"1384","Duisburg","124"
"1385","Dusseldorf","124"
"1386","Erfurt","124"
"1387","Erlangen","124"
"1388","Essen","124"
"1389","Frankfurt","124"
"1390","Frankfurt (Oder)","124"
"1391","Freiburg","124"
"1392","Freiburg Im Breisgau","124"
"1393","Fulda","124"
"1394","Giessen","124"
"1395","Gottingen","124"
"1396","Halle","124"
"1397","Hamburg","124"
"1398","Hanover","124"
"1399","Heidelberg","124"
"1400","Heilbronn","124"
"1401","Ingolstadt","124"
"1402","Kaiserslautern","124"
"1403","Karlsruhe","124"
"1404","Kassel","124"
"1405","Kiel","124"
"1406","Koblenz","124"
"1407","Konstanz","124"
"1408","Krefeld","124"
"1409","Leipzig","124"
"1410","Lübeck","124"
"1411","Magdeburg","124"
"1412","Mainz","124"
"1413","Mannheim","124"
"1414","Marburg","124"
"1415","Moenchengladbach","124"
"1416","Munich","124"
"1417","Munster","124"
"1418","Nuremberg","124"
"1420","Oldenburg","124"
"1421","Osnabruck","124"
"1422","Paderborn","124"
"1423","Pforzheim","124"
"1424","Potsdam","124"
"1425","Regensburg","124"
"1426","Rostock","124"
"1427","Saarbrucken","124"
"1428","Siegen","124"
"1429","Stuttgart","124"
"1430","Trier","124"
"1431","Tubingen","124"
"1432","Ulm","124"
"1433","Wiesbaden","124"
"1434","Wolfsburg","124"
"1435","Wuerzburg","124"
"1436","Wuppertal","124"
"1437","Fiji","125"
"1439","Nadi","125"
"1440","Suva","125"
"1441","Hong Kong","126"
"1442","Aberdeen, SD","127"
"1443","Aberdeen, WA","127"
"1444","Abilene, TX","127"
"1445","Abingdon, MD","127"
"1447","Akron, OH","127"
"1448","Albany, GA","127"
"1449","Albany, NY","127"
"1450","Albany, OR","127"
"1452","Albuquerque, NM","127"
"1453","Alexandria, MN","127"
"1454","Alexandria, VA","127"
"1455","Allen, TX","127"
"1456","Allentown, PA","127"
"1458","Alpharetta, GA","127"
"1459","Alton, IL","127"
"1460","Amarillo, TX","127"
"1461","Ames, IA","127"
"1462","Amherst, MA","127"
"1463","Anaheim, CA","127"
"1464","Anchorage, AK","127"
"1465","Anderson, SC","127"
"1466","Ann Arbor, MI","127"
"1467","Annapolis, MD","127"
"1468","Apple Valley, CA","127"
"1469","Appleton, WI","127"
"1470","Arlington, TX","127"
"1471","Arlington, VA","127"
"1472","Asheville, NC","127"
"1475","Astoria, NY","127"
"1476","Astoria, OR","127"
"1477","Athens, GA","127"
"1478","Athens, OH","127"
"1479","Atlanta, GA","127"
"1480","Atlantic City, NJ","127"
"1481","Auburn, AL","127"
"1482","Augusta, GA","127"
"1483","Augusta, ME","127"
"1484","Aurora, IL","127"
"1485","Austin, TX","127"
"1487","Bakersfield, CA","127"
"1488","Baltimore, MD","127"
"1489","Baton Rouge, LA","127"
"1490","Battle Creek, MI","127"
"1492","Beaumont, TX","127"
"1493","Beaverton, OR","127"
"1494","Beckley, WV","127"
"1495","Bedminster Township, NJ","127"
"1496","Belleville, IL","127"
"1497","Bellevue, WA","127"
"1498","Bellingham, WA","127"
"1499","Bend, OR","127"
"1500","Bentonville, AR","127"
"1501","Bergen County, NJ","127"
"1502","Berkeley, CA","127"
"1503","Bethlehem, PA","127"
"1504","Billings, MT","127"
"1505","Biloxi, MS","127"
"1506","Binghamton, NY","127"
"1507","Birmingham, AL","127"
"1508","Bismarck, ND","127"
"1509","Blacksburg, VA","127"
"1510","Bloomington, IL","127"
"1511","Bloomington, IN","127"
"1512","Boca Raton, FL","127"
"1513","Boise, ID","127"
"1514","Bolingbrook, IL","127"
"1515","Boston, MA","127"
"1516","Boulder, CO","127"
"1517","Bowling Green, KY","127"
"1518","Bowling Green, OH","127"
"1519","Bozeman, MT","127"
"1520","Bradenton, FL","127"
"1522","Bremerton, WA","127"
"1523","Bronx, NY","127"
"1524","Brookhaven, NY","127"
"1525","Brooklyn, NY","127"
"1526","Brownsville, TX","127"
"1527","Brunswick, GA","127"
"1528","Brunswick, ME","127"
"1529","Buffalo, NY","127"
"1530","Buford, GA","127"
"1531","Burlington, IA","127"
"1532","Burlington, VT","127"
"1533","Butte, MT","127"
"1535","Cambridge, MA","127"
"1536","Canton, OH","127"
"1537","Cape Girardeau, MO","127"
"1538","Carbondale, IL","127"
"1539","Carlsbad, CA","127"
"1540","Carson City, NV","127"
"1541","Casper, WY","127"
"1542","Cedar Rapids, IA","127"
"1543","Centreville, VA","127"
"1544","Champaign, IL","127"
"1545","Chandler, AZ","127"
"1546","Chapel Hill, NC","127"
"1547","Charleston, SC","127"
"1548","Charleston, WV","127"
"1549","Charlotte, NC","127"
"1550","Charlottesville, VA","127"
"1551","Chattanooga, TN","127"
"1552","Cherry Hill, NJ","127"
"1553","Chesapeake, VA","127"
"1554","Chesterfield, MI","127"
"1555","Cheyenne, WY","127"
"1556","Chicago, IL","127"
"1557","Chico, CA","127"
"1559","Cincinnati, OH","127"
"1560","Clarksville, TN","127"
"1561","Clearwater, FL","127"
"1562","Cleveland, OH","127"
"1563","Clifton, NJ","127"
"1564","Coeur d'Alene, ID","127"
"1565","College Park, MD","127"
"1566","College Station, TX","127"
"1568","Columbia, MD","127"
"1569","Columbia, MO","127"
"1570","Columbia, SC","127"
"1571","Columbus, GA","127"
"1572","Columbus, IN","127"
"1573","Columbus, OH","127"
"1574","Concord, CA","127"
"1575","Concord, NC","127"
"1576","Concord, NH","127"
"1577","Conroe, TX","127"
"1578","Cookeville, TN","127"
"1579","Corpus Christi, TX","127"
"1580","Costa Mesa, CA","127"
"1581","Crestview, FL","127"
"1582","Crystal Lake, IL","127"
"1584","Dallas, TX","127"
"1585","Danbury, CT","127"
"1586","Danville, CA","127"
"1587","Davenport, IA","127"
"1588","Davis, CA","127"
"1589","Dayton, OH","127"
"1590","Daytona Beach, FL","127"
"1591","DeLand, FL","127"
"1592","Decatur, IL","127"
"1593","Deerfield Beach, FL","127"
"1595","Denton, TX","127"
"1596","Denver, CO","127"
"1597","Des Moines, IA","127"
"1598","Des Plaines, IL","127"
"1599","Detroit, MI","127"
"1601","Dothan, AL","127"
"1602","Dover, DE","127"
"1603","Doylestown, PA","127"
"1604","Dublin, OH","127"
"1605","Duluth, GA","127"
"1606","Duluth, MN","127"
"1607","Durango, CO","127"
"1608","Durham, NC","127"
"1609","East Lansing, MI","127"
"1610","East Providence, RI","127"
"1611","Eau Claire, WI","127"
"1612","Eden Prairie, MN","127"
"1613","Edison, NJ","127"
"1614","El Centro, CA","127"
"1615","El Paso, TX","127"
"1616","Erie, PA","127"
"1617","Eugene, OR","127"
"1618","Eureka, CA","127"
"1619","Evansville, IN","127"
"1620","Everett, WA","127"
"1621","Fairbanks, AK","127"
"1622","Fairfax, VA","127"
"1623","Fairfield, CA","127"
"1624","Fairfield, CT","127"
"1625","Fairmont, WV","127"
"1626","Fargo, ND","127"
"1627","Farmington Hills, MI","127"
"1628","Farmington, MO","127"
"1629","Farmington, NM","127"
"1630","Fayetteville, AR","127"
"1631","Fayetteville, NC","127"
"1632","Flagstaff, AZ","127"
"1634","Flint, MI","127"
"1635","Florence, AL","127"
"1636","Fond du Lac, WI","127"
"1637","Fontana, CA","127"
"1638","Fort Collins, CO","127"
"1639","Fort Lauderdale, FL","127"
"1640","Fort Myers, FL","127"
"1641","Fort Smith, AR","127"
"1642","Fort Walton Beach, FL","127"
"1643","Fort Wayne, IN","127"
"1644","Fort Worth, TX","127"
"1645","Frederick, MD","127"
"1646","Fredericksburg, VA","127"
"1647","Fremont, CA","127"
"1648","Fresno, CA","127"
"1649","Gadsden, AL","127"
"1650","Gainesville, FL","127"
"1651","Gainesville, GA","127"
"1652","Galveston, TX","127"
"1653","Garland, TX","127"
"1654","Geneva, IL","127"
"1655","Germantown, MD","127"
"1656","Gillette, WY","127"
"1657","Glendale, CA","127"
"1658","Gloucester, MA","127"
"1660","Grand Forks, ND","127"
"1661","Grand Junction, CO","127"
"1662","Grand Rapids, MI","127"
"1663","Grass Valley, CA","127"
"1664","Great Falls, MT","127"
"1665","Green Bay, WI","127"
"1666","Greensboro, NC","127"
"1667","Greensburg, PA","127"
"1668","Greenville, NC","127"
"1669","Greenville, SC","127"
"1670","Greenville, TX","127"
"1671","Gulfport, MS","127"
"1672","Hagerstown, MD","127"
"1673","Harlingen, TX","127"
"1674","Harrisburg, PA","127"
"1675","Harrisonburg va","127"
"1676","Hartford, CT","127"
"1677","Hattiesburg, MS","127"
"1678","Hayward, CA","127"
"1679","Hazard, KY","127"
"1680","Helena, MT","127"
"1681","Hempstead, NY","127"
"1682","Henderson, NV","127"
"1683","Herndon, VA","127"
"1684","Hilo, HI","127"
"1685","Hilton Head Island, SC","127"
"1686","Hoboken, NJ","127"
"1687","Honolulu, HI","127"
"1688","Houghton, MI","127"
"1689","Houston, MO","127"
"1690","Houston, TX","127"
"1691","Huntington Beach, CA","127"
"1692","Huntington, WV","127"
"1693","Huntsville, AL","127"
"1694","Hyannis, MA","127"
"1695","Idaho Falls, ID","127"
"1696","Indianapolis, IN","127"
"1697","Iowa City, IA","127"
"1698","Irvine, CA","127"
"1699","Irving, TX","127"
"1701","Ithaca, NY","127"
"1702","Jackson, MS","127"
"1703","Jackson, TN","127"
"1704","Jackson, WY","127"
"1705","Jacksonville, FL","127"
"1706","Jacksonville, NC","127"
"1707","Jersey City, NJ","127"
"1708","Johnson City, TN","127"
"1709","Johnstown, PA","127"
"1710","Jonesboro, AR","127"
"1711","Joplin, MO","127"
"1712","Juneau, AK","127"
"1713","Kahului, HI","127"
"1714","Kalamazoo, MI","127"
"1715","Kansas City, MO","127"
"1716","Katy, TX","127"
"1718","Kennewick, WA","127"
"1719","Kenosha, WI","127"
"1720","Key West, FL","127"
"1721","Killeen, TX","127"
"1722","Kingsport, TN","127"
"1723","Kissimmee, FL","127"
"1724","Klamath Falls, OR","127"
"1725","Knoxville, TN","127"
"1726","La Crosse, WI","127"
"1728","Lafayette, IN","127"
"1729","Lafayette, LA","127"
"1730","Lake Charles, LA","127"
"1731","Lake Orion, MI","127"
"1732","Lakeland, FL","127"
"1733","Lancaster, CA","127"
"1734","Lancaster, PA","127"
"1735","Lansing, MI","127"
"1736","Laramie, WY","127"
"1737","Laredo, TX","127"
"1738","Las Cruces, NM","127"
"1739","Las Vegas, NV","127"
"1740","Laurel, MD","127"
"1741","Lawrence, KS","127"
"1742","Lawrenceville, GA","127"
"1743","Lawton, OK","127"
"1745","Lexington Park, MD","127"
"1746","Lexington, KY","127"
"1747","Lima, OH","127"
"1748","Lincoln, NE","127"
"1750","Little Rock, AR","127"
"1751","Livermore, CA","127"
"1752","Logan, UT","127"
"1755","Long Beach, CA","127"
"1756","Longview, TX","127"
"1757","Longview, WA","127"
"1758","Los Angeles, CA","127"
"1759","Los Gatos, CA","127"
"1760","Louisville, KY","127"
"1761","Lubbock, TX","127"
"1762","Lynchburg, VA","127"
"1763","Macon, GA","127"
"1764","Madison, WI","127"
"1765","Manassas, VA","127"
"1766","Manchester, NH","127"
"1768","Manhattan, KS","127"
"1769","Mansfield, CT","127"
"1770","Mansfield, OH","127"
"1771","Marietta, GA","127"
"1772","Marquette, MI","127"
"1773","Martinez, CA","127"
"1774","Martinsburg, WV","127"
"1776","McAllen, TX","127"
"1778","McKinney, TX","127"
"1779","Medford, OR","127"
"1780","Melbourne, FL","127"
"1781","Memphis, TN","127"
"1783","Mesa, AZ","127"
"1784","Miami, FL","127"
"1785","Middlesex, NJ","127"
"1786","Midland, MI","127"
"1787","Midland, TX","127"
"1788","Milwaukee, WI","127"
"1789","Minneapolis, MN","127"
"1791","Missoula, MT","127"
"1792","Mobile, AL","127"
"1793","Modesto, CA","127"
"1794","Moline, IL","127"
"1795","Montclair, NJ","127"
"1796","Monterey, CA","127"
"1797","Montgomery, AL","127"
"1798","Morgantown, WV","127"
"1799","Morristown, NJ","127"
"1800","Moscow, ID","127"
"1802","Mount Vernon, WA","127"
"1803","Mountain View, CA","127"
"1804","Murfreesboro, TN","127"
"1805","Murrieta, CA","127"
"1806","Muskegon, MI","127"
"1807","Myrtle Beach, SC","127"
"1809","Napa, CA","127"
"1810","Naperville, IL","127"
"1811","Naples, FL","127"
"1812","Nashua, NH","127"
"1813","Nashville, TN","127"
"1814","New Bedford, MA","127"
"1815","New Bern, NC","127"
"1816","New Braunfels, TX","127"
"1817","New City, NY","127"
"1818","New Haven, CT","127"
"1819","New Orleans, LA","127"
"1820","New Port Richey, FL","127"
"1821","New York, NY","127"
"1822","Newark, DE","127"
"1823","Newark, NJ","127"
"1824","Newport Beach, CA","127"
"1825","Newport News, VA","127"
"1826","Newport, OR","127"
"1827","Newport, RI","127"
"1828","Newton, MA","127"
"1829","Norfolk, VA","127"
"1830","Normal, IL","127"
"1831","Norman, OK","127"
"1832","North Brunswick, NJ","127"
"1833","North East, MD","127"
"1834","Northampton, MA","127"
"1835","Norwalk, CT","127"
"1836","Norwich, CT","127"
"1837","O'Fallon, IL","127"
"1838","Oakland, CA","127"
"1839","Ocala, FL","127"
"1840","Oceanside, CA","127"
"1841","Ogden, UT","127"
"1843","Oklahoma City, OK","127"
"1844","Olympia, WA","127"
"1845","Omaha, NE","127"
"1846","Ontario,CA","127"
"1847","Orem, UT","127"
"1848","Orlando, FL","127"
"1849","Oshkosh, WI","127"
"1850","Overland Park, KS","127"
"1851","Owensboro, KY","127"
"1852","Oxnard, CA","127"
"1854","Paducah, KY","127"
"1855","Palm Coast, FL","127"
"1856","Palm Springs, CA","127"
"1857","Palmdale, CA","127"
"1858","Palo Alto, CA","127"
"1859","Panama City, FL","127"
"1860","Parsippany-Troy Hills, NJ","127"
"1861","Pasadena, CA","127"
"1862","Paso Robles, CA","127"
"1864","Pensacola, FL","127"
"1865","Peoria, AZ","127"
"1866","Peoria, IL","127"
"1867","Philadelphia, PA","127"
"1868","Phoenix, AZ","127"
"1870","Pittsburgh, PA","127"
"1871","Pittsfield, MA","127"
"1872","Plano, TX","127"
"1873","Plattsburgh, NY","127"
"1874","Pleasanton, CA","127"
"1875","Plymouth, MI","127"
"1876","Pocatello, ID","127"
"1877","Pomona, CA","127"
"1878","Port St Lucie, FL","127"
"1879","Portland, ME","127"
"1880","Portland, OR","127"
"1881","Poughkeepsie, NY","127"
"1882","Prescott, AZ","127"
"1883","Princeton, NJ","127"
"1884","Providence, RI","127"
"1885","Pueblo, CO","127"
"1886","Pullman, WA","127"
"1888","Queens, NY","127"
"1890","Raleigh, NC","127"
"1891","Rancho Cucamonga, CA","127"
"1892","Rapid City, SD","127"
"1893","Reading, PA","127"
"1894","Red Bank, NJ","127"
"1895","Redding, CA","127"
"1896","Redlands, CA","127"
"1897","Redmond, WA","127"
"1898","Redondo Beach, CA","127"
"1899","Redwood City, CA","127"
"1900","Reno, NV","127"
"1901","Renton, WA","127"
"1902","Reston, VA","127"
"1903","Richmond, KY","127"
"1904","Richmond, VA","127"
"1905","Riverside, CA","127"
"1906","Roanoke, VA","127"
"1907","Rochester, MI","127"
"1908","Rochester, MN","127"
"1909","Rochester, NY","127"
"1910","Rock Hill, SC","127"
"1911","Rockford, IL","127"
"1912","Rocklin, CA","127"
"1913","Rockville, MD","127"
"1914","Rocky Hill, CT","127"
"1915","Rogers, AR","127"
"1916","Roseburg, OR","127"
"1917","Roseville, CA","127"
"1919","Sacramento, CA","127"
"1920","Saginaw, MI","127"
"1921","Saint Charles, MO","127"
"1922","Saint Cloud, MN","127"
"1923","Saint Joseph, MO","127"
"1924","Saint Louis, MO","127"
"1925","Saint Paul, MN","127"
"1926","Saint Petersburg, FL","127"
"1927","Salem, OR","127"
"1928","Salina, KS","127"
"1929","Salisbury, MD","127"
"1930","Salt Lake City, UT","127"
"1931","San Angelo, TX","127"
"1932","San Antonio, TX","127"
"1933","San Bernardino, CA","127"
"1934","San Diego, CA","127"
"1935","San Francisco, CA","127"
"1936","San Jose, CA","127"
"1937","San Luis Obispo, CA","127"
"1938","San Marcos, TX","127"
"1939","San Mateo, CA","127"
"1940","San Rafael, CA","127"
"1941","Santa Ana, CA","127"
"1942","Santa Barbara, CA","127"
"1943","Santa Clarita, CA","127"
"1944","Santa Cruz, CA","127"
"1945","Santa Fe, NM","127"
"1946","Santa Monica, CA","127"
"1947","Santa Rosa, CA","127"
"1948","Sarasota, FL","127"
"1949","Savannah, GA","127"
"1950","Schaumburg, IL","127"
"1951","Scottsdale, AZ","127"
"1952","Scranton, PA","127"
"1953","SeaTac, WA","127"
"1954","Seaside, OR","127"
"1955","Seattle, WA","127"
"1957","Sheboygan, WI","127"
"1958","Shelby Township, MI","127"
"1959","Sheridan, WY","127"
"1960","Shreveport, LA","127"
"1961","Silver Spring, MD","127"
"1962","Simi Valley, CA","127"
"1963","Sioux City, IA","127"
"1964","Sioux Falls, SD","127"
"1965","Smithtown, NY","127"
"1966","Somerville, MA","127"
"1967","Spartanburg, SC","127"
"1968","Spokane, WA","127"
"1969","Spring Hill, FL","127"
"1970","Springfield, IL","127"
"1971","Springfield, MA","127"
"1972","Springfield, MO","127"
"1973","Springfield, OR","127"
"1974","Springfield, VA","127"
"1975","Spruce Pine, NC","127"
"1977","Stamford, CT","127"
"1978","State College, PA","127"
"1979","Statesboro, GA","127"
"1980","Stillwater, OK","127"
"1981","Stockton, CA","127"
"1983","Sunnyvale, CA","127"
"1984","Syracuse, NY","127"
"1985","Tacoma, WA","127"
"1986","Tallahassee, FL","127"
"1987","Tampa, FL","127"
"1988","Taunton, MA","127"
"1989","Temecula, CA","127"
"1990","Tempe, AZ","127"
"1991","Temple, TX","127"
"1992","Terre Haute, IN","127"
"1993","Texarkana, AR","127"
"1994","The Woodlands, TX","127"
"1995","Thousand Oaks, CA","127"
"1996","Toledo, OH","127"
"1997","Topeka, KS","127"
"1998","Traverse City, MI","127"
"1999","Trenton, NJ","127"
"2000","Troy, MI","127"
"2001","Troy, NY","127"
"2003","Tucson, AZ","127"
"2004","Tulsa, OK","127"
"2006","Tuscaloosa, AL","127"
"2007","Tustin, CA","127"
"2008","Tyler, TX","127"
"2009","Upland, CA","127"
"2010","Urbana, IL","127"
"2011","Utica, NY","127"
"2012","Valdosta, GA","127"
"2013","Vallejo, CA","127"
"2014","Valparaiso, IN","127"
"2015","Vancouver, WA","127"
"2016","Venice, FL","127"
"2017","Ventura, CA","127"
"2018","Vero Beach, FL","127"
"2019","Victoria, TX","127"
"2020","Victorville, CA","127"
"2021","Virginia Beach, VA","127"
"2022","Visalia, CA","127"
"2024","Waco, TX","127"
"2027","Waldorf, MD","127"
"2028","Walla Walla, WA","127"
"2029","Walnut Creek, CA","127"
"2030","Warner Robins, GA","127"
"2031","Warrenton, VA","127"
"2032","Washington, DC","127"
"2033","Waterbury, CT","127"
"2034","Watertown, NY","127"
"2035","Waukesha, WI","127"
"2036","Wausau, WI","127"
"2037","Webster, NY","127"
"2038","West Chester, PA","127"
"2039","West Hartford, CT","127"
"2040","West Hollywood, CA","127"
"2041","West New York, NJ","127"
"2042","West Palm Beach, FL","127"
"2043","Westminster, CA","127"
"2044","Wheeling, WV","127"
"2045","White Plains, NY","127"
"2046","Wichita Falls, TX","127"
"2047","Wichita, KS","127"
"2048","Wilkes-Barre, PA","127"
"2049","Williamsburg, VA","127"
"2050","Williamsport, PA","127"
"2051","Williston, ND","127"
"2052","Wilmington, DE","127"
"2053","Wilmington, NC","127"
"2054","Winchester, VA","127"
"2055","Winston-salem, NC","127"
"2056","Woodbridge, NJ","127"
"2057","Woodbridge, VA","127"
"2058","Woodstock, GA","127"
"2059","Wooster, OH","127"
"2060","Worcester, MA","127"
"2061","Yakima, WA","127"
"2062","Yonkers, NY","127"
"2063","York, PA","127"
"2064","Youngstown, OH","127"
"2065","Yuba City, CA","127"
"2067","Yuma, AZ","127"
"2069","N'djamena","128"
"2070","Hargeysa","129"
"2071","Mogadishu","129"
"2072","Ao Nang","130"
"2073","Bangkok","130"
"2074","Buriram","130"
"2075","Chiang Mai","130"
"2076","Chiang Rai","130"
"2077","Chon Buri","130"
"2078","Hat Yai","130"
"2079","Hua Hin","130"
"2080","Khon Kaen","130"
"2081","Koh Samui","130"
"2082","Krabi","130"
"2083","Maha Sarakham","130"
"2084","Nakhon Ratchasima","130"
"2085","Nakhon Sawan","130"
"2086","Nong Khai","130"
"2087","Nonthaburi","130"
"2088","Pattaya","130"
"2089","Phitsanulok","130"
"2090","Phuket","130"
"2091","Rayong","130"
"2092","Sakon Nakhon","130"
"2093","Samut Prakan","130"
"2094","Si Sa Ket","130"
"2095","Surin","130"
"2096","Tak","130"
"2097","Trang","130"
"2098","Udon Thani","130"
"2099","Alajuela","131"
"2100","Cartago","131"
"2101","Curridabat","131"
"2102","Escazu","131"
"2103","Heredia","131"
"2104","Jaco Beach","131"
"2106","Puerto Viejo - de Talamanca, Limon","131"
"2107","Puntarenas","131"
"2108","San Isidro","131"
"2109","San Jose","131"
"2111","Santa Ana","131"
"2112","Tamarindo","131"
"2114","Da Lat","132"
"2115","Da Nang","132"
"2116","Hanoi","132"
"2117","Ho Chi Minh City","132"
"2118","Nha Trang","132"
"2119","Vung Tau","132"
"2120","Abraq Khaitan","133"
"2121","Abu Halifa","133"
"2122","Ahmadi","133"
"2123","Al-farwaniyah","133"
"2124","As-salimiyah","133"
"2125","Hawalli","133"
"2127","Kuwait City","133"
"2128","Mahboula","133"
"2129","Mangaf","133"
"2131","Salmiya","133"
"2132","Abuja","134"
"2133","Ibadan","134"
"2134","Lagos","134"
"2135","Bjelovar","135"
"2136","Cakovec","135"
"2137","Dubrovnik","135"
"2138","Karlovac","135"
"2139","Koprivnica","135"
"2142","Osijek","135"
"2143","Porec","135"
"2144","Pula","135"
"2145","Rijeka","135"
"2146","Sesvete","135"
"2147","Sibenik","135"
"2148","Sisak","135"
"2149","Slavonski Brod","135"
"2150","Solin","135"
"2151","Split","135"
"2152","Varazdin","135"
"2154","Vinkovci","135"
"2155","Vukovar","135"
"2156","Zadar","135"
"2157","Zagreb","135"
"2162","Colombo","137"
"2163","Galle","137"
"2164","Gampaha","137"
"2165","Jaffna","137"
"2166","Kandy","137"
"2167","Kurunegala","137"
"2169","Negombo","137"
"2171","Montevideo","138"
"2172","Punta del Este","138"
"2173","Salto","138"
"2174","Dili","139"
"2175","Aberdeen","140"
"2176","Aberystwyth","140"
"2177","Andover","140"
"2178","Armagh","140"
"2179","Ashford","140"
"2180","Aylesbury","140"
"2181","Bangor","140"
"2182","Basildon","140"
"2183","Basingstoke","140"
"2184","Bath","140"
"2185","Bedford","140"
"2186","Belfast","140"
"2187","Birmingham","140"
"2188","Bishops Stortford","140"
"2189","Blackburn","140"
"2190","Blackpool","140"
"2191","Bolton","140"
"2192","Bournemouth","140"
"2193","Bradford","140"
"2194","Bridgend","140"
"2195","Brighton","140"
"2196","Bristol","140"
"2197","Buckingham","140"
"2198","Cambridge","140"
"2199","Canterbury","140"
"2200","Cardiff","140"
"2201","Carlisle","140"
"2202","Chatham","140"
"2203","Chelmsford","140"
"2204","Cheltenham","140"
"2205","Chester","140"
"2206","Colchester","140"
"2207","Coventry","140"
"2208","Crawley","140"
"2209","Croydon","140"
"2210","Derby","140"
"2211","Doncaster","140"
"2213","Dundee","140"
"2214","Durham","140"
"2215","Ealing","140"
"2216","Edinburgh","140"
"2217","Exeter","140"
"2218","Farnborough","140"
"2219","Folkestone","140"
"2220","Glasgow","140"
"2221","Gloucester","140"
"2222","Guildford","140"
"2223","Harlow","140"
"2224","Harrogate","140"
"2225","Hastings","140"
"2226","High Wycombe","140"
"2227","Huddersfield","140"
"2228","Hull","140"
"2229","Inverness","140"
"2230","Ipswich","140"
"2231","Isle of Wight","140"
"2232","Kingston Upon Hull","140"
"2233","Kingston Upon Thames","140"
"2234","Lancaster","140"
"2235","Leeds","140"
"2236","Leicester","140"
"2237","Lincoln","140"
"2238","Liverpool","140"
"2239","Llandudno","140"
"2240","London","140"
"2241","Londonderry","140"
"2242","Luton","140"
"2243","Maidstone","140"
"2244","Manchester","140"
"2245","Middlesbrough","140"
"2246","Milton Keynes","140"
"2247","Newcastle Upon Tyne","140"
"2248","Newport","140"
"2249","Northampton","140"
"2250","Norwich","140"
"2251","Nottingham","140"
"2252","Oldham","140"
"2253","Oxford","140"
"2254","Perth","140"
"2255","Peterborough","140"
"2256","Plymouth","140"
"2257","Portsmouth","140"
"2258","Preston","140"
"2259","Reading","140"
"2260","Royal Leamington Spa","140"
"2261","Sheffield","140"
"2262","Shrewsbury, Shropshire","140"
"2263","Slough","140"
"2264","Southampton","140"
"2265","Southend-on-sea","140"
"2266","St Albans","140"
"2267","St. Andrews","140"
"2268","Stirling","140"
"2269","Stoke-On-Trent","140"
"2270","Sunderland","140"
"2271","Surrey","140"
"2272","Swansea","140"
"2273","Swindon","140"
"2274","Telford","140"
"2275","Truro","140"
"2276","Tunbridge Wells","140"
"2277","Warrington","140"
"2278","Watford","140"
"2279","Welwyn Garden City","140"
"2280","Westminster","140"
"2281","Wigan","140"
"2282","Wolverhampton","140"
"2283","Worcester","140"
"2284","Worthing","140"
"2285","York","140"
"2286","Baden","141"
"2287","Basel","141"
"2288","Bern","141"
"2289","Biel","141"
"2290","Chur","141"
"2291","Fribourg","141"
"2292","Geneva","141"
"2293","Lausanne","141"
"2294","Locarno","141"
"2295","Lucerne","141"
"2296","Lugano","141"
"2297","Neuchatel","141"
"2298","Olten","141"
"2299","Schaffhausen","141"
"2300","Sion","141"
"2301","St. Gallen","141"
"2302","Vevey","141"
"2303","Winterthur","141"
"2304","Zug","141"
"2305","Zurich","141"
"2306","Apia","142"
"2307","Albacete","143"
"2308","Alcala de Henares","143"
"2309","Alicante","143"
"2310","Almeria","143"
"2311","Arrecife","143"
"2312","Badajoz","143"
"2313","Barcelona","143"
"2314","Bilbao","143"
"2315","Burgos","143"
"2316","Caceres","143"
"2317","Cadiz","143"
"2318","Calpe","143"
"2319","Canary Islands","143"
"2320","Cartagena","143"
"2321","Castellon De La Plana","143"
"2322","Ciudad Real","143"
"2323","Cordoba","143"
"2325","Corunna","143"
"2326","Denia","143"
"2327","Elche","143"
"2329","Gandia","143"
"2330","Gijon","143"
"2331","Girona","143"
"2332","Granada","143"
"2333","Guadalajara","143"
"2334","Huelva","143"
"2335","Ibiza","143"
"2336","Jaen","143"
"2337","Jerez de la Frontera","143"
"2338","L'hospitalet De Llobregat","143"
"2339","La Linea de la Concepcion","143"
"2340","Las Palmas","143"
"2341","Leon","143"
"2343","Logrono","143"
"2344","Lugo","143"
"2345","Madrid","143"
"2346","Malaga","143"
"2347","Manresa","143"
"2348","Marbella","143"
"2350","Murcia","143"
"2351","Oviedo","143"
"2352","Palma De Mallorca","143"
"2353","Pamplona","143"
"2355","Puerto Del Rosario","143"
"2356","Puerto de la Cruz","143"
"2357","Sabadell","143"
"2358","Salamanca","143"
"2359","San Sebastian","143"
"2360","Santa Cruz De Tenerife","143"
"2361","Santander","143"
"2362","Santiago de Compostela","143"
"2364","Sevilla","143"
"2365","Tarragona","143"
"2366","Terrassa","143"
"2367","Torrevieja","143"
"2368","Valencia","143"
"2369","Valladolid","143"
"2370","Vigo","143"
"2371","Vitoria-gasteiz","143"
"2372","Zaragoza (Saragossa)","143"
"2373","Monrovia","144"
"2374","Caracas","145"
"2375","Maracaibo","145"
"2376","Valencia","145"
"2377","Ouagadougou","146"
"2379","Mbabane","147"
"2380","Providenciales","148"
"2382","Keila","149"
"2383","Parnu","149"
"2384","Rakvere","149"
"2385","Tallinn","149"
"2386","Tartu","149"
"2389","Bregenz","150"
"2390","Dornbirn","150"
"2392","Graz","150"
"2393","Innsbruck","150"
"2394","Klagenfurt","150"
"2395","Linz","150"
"2396","Salzburg","150"
"2397","Vienna","150"
"2398","Villach","150"
"2401","Busan","151"
"2402","Cheonan","151"
"2403","Chuncheon","151"
"2404","Daegu","151"
"2405","Daejeon","151"
"2406","Geoje","151"
"2407","Gwangju","151"
"2409","Ilsan","151"
"2410","Incheon","151"
"2411","Jeju","151"
"2412","Jeonju","151"
"2414","Seongnam","151"
"2415","Seoul","151"
"2416","Suwon","151"
"2417","Ulsan","151"
"2418","Maputo","152"
"2419","San Salvador","153"
"2420","Monaco","154"
"2421","Monte Carlo","154"
"2422","Agana","155"
"2423","Dededo","155"
"2424","Tamuning","155"
"2425","Tumon","155"
"2427","Maseru","156"
"2428","Nuku'alofa","157"
"2430","Pristina","158"
"2431","Prizren","158"
"2432","Budapest","159"
"2433","Debrecen","159"
"2435","Eger","159"
"2436","Esztergom","159"
"2437","Gyor","159"
"2438","Hodmezovasarhely (Hódmez?vásárhely)","159"
"2439","Kaposvár","159"
"2440","Kecskemet","159"
"2441","Miskolc","159"
"2442","Nyiregyhaza","159"
"2443","Pecs","159"
"2444","Sopron","159"
"2445","Szeged","159"
"2446","Szekesfehervar","159"
"2447","Szolnok","159"
"2448","Szombathely","159"
"2449","Tatabanya","159"
"2450","Veszprem","159"
"2451","Juba","160"
"2452","Chiba","161"
"2453","Fukuoka","161"
"2455","Hiroshima","161"
"2457","Kawasaki","161"
"2458","Kobe","161"
"2460","Kyoto","161"
"2461","Matsudo","161"
"2462","Nagasaki","161"
"2463","Nagoya","161"
"2466","Okinawa","161"
"2467","Osaka","161"
"2468","Saitama","161"
"2469","Sapporo","161"
"2470","Sendai","161"
"2472","Tokyo","161"
"2473","Yokohama","161"
"2475","Christiansted","162"
"2476","St Croix","162"
"2478","St Thomas","162"
"2479","Brest","163"
"2480","Gomel","163"
"2481","Hrodna","163"
"2482","Minsk","163"
"2483","Willemstad","164"
"2484","Beau Bassin","165"
"2485","Curepipe","165"
"2487","Grand Bay","165"
"2488","Port Louis","165"
"2489","Quatre Bornes","165"
"2490","Tamarin","165"
"2491","Vacoas","165"
"2492","Durres","166"
"2494","Fier","166"
"2495","Korce","166"
"2496","Sarande","166"
"2497","Shkoder","166"
"2498","Tirana","166"
"2499","Vlore","166"
"2500","Arima","167"
"2501","Chaguanas","167"
"2502","Couva","167"
"2503","Port Of Spain","167"
"2504","San Fernando","167"
"2505","San Juan","167"
"2507","Trinidad","167"
"2508","Auckland","168"
"2509","Blenheim","168"
"2510","Christchurch","168"
"2511","Dunedin","168"
"2513","Hamilton","168"
"2514","Invercargill","168"
"2515","Lower Hutt","168"
"2517","Napier","168"
"2518","Nelson","168"
"2519","New Plymouth","168"
"2520","Palmerston North","168"
"2521","Queenstown","168"
"2522","Rotorua","168"
"2523","Tauranga","168"
"2524","Timaru","168"
"2526","Wanganui","168"
"2527","Wellington","168"
"2528","Whakatane","168"
"2529","Whangarei","168"
"2530","Dakar","169"
"2531","Bitola","170"
"2532","Gevgelija","170"
"2533","Gostivar","170"
"2534","Kicevo","170"
"2535","Kumanovo","170"
"2536","Ohrid","170"
"2537","Prilep","170"
"2538","Skopje","170"
"2539","Stip","170"
"2540","Struga","170"
"2541","Strumica","170"
"2543","Tetovo","170"
"2544","Veles","170"
"2545","Addis Ababa","171"
"2546","Alexandria","172"
"2547","Cairo","172"
"2548","El Mansura","172"
"2549","Giza","172"
"2550","Cochabamba","173"
"2551","La Paz","173"
"2552","Santa Cruz","173"
"2554","Birkirkara","174"
"2555","Bugibba","174"
"2556","Gzira","174"
"2557","Hamrun","174"
"2558","Malta","174"
"2559","Marsascala","174"
"2560","Mosta","174"
"2561","Msida","174"
"2563","San Gwann","174"
"2564","San Pawl Il-bahar","174"
"2565","Sliema","174"
"2566","Valletta","174"
"2567","Abha","175"
"2568","Ad Dammam","175"
"2569","Al Hufuf","175"
"2570","Al Khobar","175"
"2571","Al-khubar","175"
"2573","Buraydah","175"
"2574","Dhahran","175"
"2575","Jeddah (Jiddah)","175"
"2576","Jizan","175"
"2577","Jubail","175"
"2579","Mecca","175"
"2580","Medina","175"
"2582","Riyadh","175"
"2583","Yanbu' Al Bahr","175"
"2585","Praia","176"
"2586","Abbottabad","177"
"2587","Attock","177"
"2589","Faisalabad","177"
"2590","Gujranwala","177"
"2591","Gujrat","177"
"2593","Hyderabad","177"
"2594","Islamabad","177"
"2596","Karachi","177"
"2597","Lahore","177"
"2598","Layyah","177"
"2599","Multan","177"
"2601","Peshawar","177"
"2602","Quetta","177"
"2604","Rawalpindi","177"
"2606","Sargodha","177"
"2607","Sheikhupura","177"
"2608","Sialkot","177"
"2611","Banjul","178"
"2612","Athlone","179"
"2613","Carlow","179"
"2615","Cork","179"
"2616","Derry","179"
"2617","Donegal","179"
"2618","Drogheda","179"
"2619","Dublin","179"
"2620","Dundalk","179"
"2621","Ennis","179"
"2622","Galway","179"
"2623","Kilkenny","179"
"2624","Killarney","179"
"2625","Letterkenny","179"
"2626","Limerick","179"
"2627","Maynooth","179"
"2628","Mullingar","179"
"2629","Navan","179"
"2630","Sligo","179"
"2631","Tralee","179"
"2632","Waterford","179"
"2634","Wexford","179"
"2636","Al Wakrah","180"
"2637","Doha","180"
"2638","Banska Bystrica","181"
"2639","Bratislava","181"
"2640","Kosice","181"
"2642","Martin","181"
"2643","Nitra","181"
"2644","Poprad","181"
"2645","Presov","181"
"2646","Prievidza","181"
"2647","Trencin","181"
"2648","Trnava","181"
"2649","Zilina","181"
"2650","Zvolen","181"
"2652","Aix-en-provence","182"
"2653","Ajaccio","182"
"2654","Amiens","182"
"2655","Angers","182"
"2656","Annecy","182"
"2657","Antibes","182"
"2658","Avignon","182"
"2659","Besancon","182"
"2660","Bordeaux","182"
"2661","Boulogne-billancourt","182"
"2662","Brest","182"
"2663","Caen","182"
"2664","Cherbourg","182"
"2665","Clermont-Ferrand","182"
"2666","Dijon","182"
"2667","Grenoble","182"
"2668","Guyancourt","182"
"2669","La Rochelle","182"
"2670","Le Havre","182"
"2671","Le Mans","182"
"2672","Lille","182"
"2673","Limoges","182"
"2674","Lorient","182"
"2675","Lyon","182"
"2676","Marseille","182"
"2677","Metz","182"
"2678","Montpellier","182"
"2679","Mulhouse","182"
"2680","Nancy","182"
"2681","Nantes","182"
"2682","Nice","182"
"2684","Paris","182"
"2685","Pau","182"
"2687","Rennes","182"
"2688","Rouen","182"
"2689","Saint-Etienne","182"
"2690","Strasbourg","182"
"2691","Toulon","182"
"2692","Toulouse","182"
"2693","Tours","182"
"2694","Troyes","182"
"2696","Alytus","183"
"2697","Kaunas","183"
"2698","Klaipeda","183"
"2699","Panevezys","183"
"2700","Siauliai","183"
"2701","Vilnius","183"
"2702","Belgrade","184"
"2703","Cacak","184"
"2706","Kikinda","184"
"2707","Kragujevac","184"
"2708","Leskovac","184"
"2709","Loznica","184"
"2710","Nis","184"
"2711","Novi Sad","184"
"2712","Pancevo","184"
"2713","Pirot","184"
"2714","Sabac","184"
"2715","Sombor","184"
"2716","Sremska Mitrovica","184"
"2717","Subotica","184"
"2719","Vranje","184"
"2721","Zrenjanin","184"
"2722","Kigali","185"
"2723","Basseterre","186"
"2724","Chittagong","187"
"2725","Dhaka","187"
"2726","Khulna","187"
"2727","Rajshahi","187"
"2728","Sylhet","187"
"2729","Barbados","188"
"2730","Bridgetown","188"
"2731","Christchurch","188"
"2733","Managua","189"
"2734","San Juan Del Sur","189"
"2735","Alesund","190"
"2736","Arendal","190"
"2737","Baerum","190"
"2738","Bergen","190"
"2739","Bodo","190"
"2740","Drammen","190"
"2742","Fredrikstad","190"
"2743","Halden","190"
"2745","Haugesund","190"
"2746","Kongsberg","190"
"2747","Kristiansand","190"
"2748","Lillehammer","190"
"2750","Molde","190"
"2751","Moss","190"
"2752","Oslo","190"
"2753","Sandefjord","190"
"2754","Stavanger","190"
"2755","Tonsberg","190"
"2756","Tromso","190"
"2757","Trondheim","190"
"2758","Gaborone","191"
"2759","Macao","192"
"2760","Taipa","192"
"2761","Aalborg","193"
"2762","Arhus","193"
"2764","Copenhagen","193"
"2765","Esbjerg","193"
"2766","Fredericia","193"
"2767","Frederiksberg","193"
"2769","Helsingor","193"
"2770","Herning","193"
"2772","Horsens","193"
"2773","Kolding","193"
"2774","Lolland","193"
"2775","Odense","193"
"2776","Randers","193"
"2778","Roskilde","193"
"2779","Silkeborg","193"
"2781","Sonderberg","193"
"2782","Svendborg","193"
"2783","Vejle","193"
"2784","Viborg","193"
"2786","Cabarete","194"
"2787","La Vega","194"
"2788","Puerto Plata","194"
"2789","Punta Cana","194"
"2790","Santiago","194"
"2791","Santo Domingo","194"
"2792","Sosua","194"
"2793","Acapulco","195"
"2794","Aguascalientes","195"
"2795","Ajijic","195"
"2796","Cabo San Lucas, Baja California Sur","195"
"2797","Cancun","195"
"2798","Celaya","195"
"2799","Chihuahua","195"
"2800","Ciudad Juarez","195"
"2803","Colima","195"
"2804","Cozumel","195"
"2805","Cuernavaca","195"
"2806","Culiacan","195"
"2807","Durango","195"
"2808","Ecatepec","195"
"2809","Ensenada","195"
"2810","Guadalajara","195"
"2811","Guanajuato","195"
"2812","Hermosillo","195"
"2813","Irapuato","195"
"2814","La Paz","195"
"2815","Leon","195"
"2816","Mazatlan","195"
"2817","Merida","195"
"2818","Mexicali","195"
"2819","Mexico City","195"
"2820","Monterrey","195"
"2821","Morelia","195"
"2822","Nuevo Laredo","195"
"2823","Oaxaca De Juarez","195"
"2824","Pachuca","195"
"2825","Playa del Carmen","195"
"2826","Puebla","195"
"2827","Puerto Escondido","195"
"2828","Puerto Vallarta","195"
"2829","Queretaro","195"
"2830","Reynosa","195"
"2831","Saltillo","195"
"2832","San Cristobal de Las Casas","195"
"2833","San Luis Potosi","195"
"2834","San Luis Rio Colorado","195"
"2835","San Miguel de Allende","195"
"2836","San Pedro Garza Garcia","195"
"2837","Tampico","195"
"2838","Tepic","195"
"2839","Tijuana","195"
"2840","Toluca","195"
"2841","Torreon","195"
"2842","Tulum","195"
"2843","Tuxtla Gutierrez","195"
"2844","Veracruz","195"
"2845","Villahermosa","195"
"2846","Xalapa, Veracruz","195"
"2847","Zacatecas","195"
"2848","Zapopan","195"
"2849","Kampala","196"
"2850","Paramaribo","197"
"2851","Nuuk","198"
"2852","St. John's","199"
